status,work_id,title,authors,source_id,source_title,image_path,scan_page,print_page,image_role,file_format,pixel_width,pixel_height,file_bytes,sha256,capture_method,quality_note,locator,reason,checked_date,notes
available,work-liu-yunliang-jiaxiu-couplet-206,甲秀楼楹联,刘蕴良（字玉山）,source-guizhou-gongbao-1915-jiaxiu,《贵州公报》1915年1月24日甲秀楼楹联刊载页,facsimiles/republic/source-guizhou-gongbao-1915-jiaxiu/guizhou-gongbao-1915-01-24-jiaxiu.jpg,,,web-hosted-facsimile-original,JPG,600,496,220070,218fbe1ae86e4f781eccb44de103590d3645a3d4559825b7da97fcb085d47f01,direct-download-of-official-page-embedded-JPEG,从贵州省人大官方文章所嵌《贵州公报》原报影像URL直接下载；保持站点提供的原JPEG字节，未缩放、未重编码。600×496为该官方页面公开提供的原始尺寸。,,,,1915-01-24《贵州公报》刊登‘我真氏刘蕴良稿’甲秀楼长联的报页缩影；现代网页截图未作为替代品。；1915-01-24《贵州公报》刊登‘我真氏刘蕴良稿’甲秀楼长联的报页缩影；现代网页截图未作为替代品。
available,work-chen-shi-du-leinashi-jiaxiu-fenghe,读纍衲使君九日登甲秀楼诗有“两京应忆题糕客，万里难销叱驭心”之句赋此奉和,陈诗（字子言）,source-fengtai-shiguan-hkust-1936,《凤台山馆续集》（封面题《凤台山馆诗集续钞》）,facsimiles/republic/source-fengtai-shiguan-hkust-1936/pg00159.jpg,159,四十一,maximum-public-library-original-page,JPG,1817,2964,920958,b3b8be6b0c923754d7bbb90917095167ff52b427b0eebaa2f8052fc8a4e81d65,public-library-original-JPEG-direct-download,从香港科技大学古籍库直接下载公开原始单叶JPEG；未在本地缩放、裁切、增强或重编码。已按原尺寸视觉核验。,馆藏图像pg00159；书叶四十一,,,《凤台山馆诗集续钞》卷下《燕居集》书叶四十一；本页完整包含题名及七律八句，并有香港科技大学图书馆水印。；目标诗题与八句全文均在本页；保存的是馆藏公开原始JPEG，未重采样。
available,work-gu-jungu-guiyang-zaxie-jiaxiu-1939,贵阳杂写（甲秀楼相关节选）,顾君谷,source-travel-magazine-1939-03,《旅行杂志》第十三卷第三号,facsimiles/republic/source-travel-magazine-1939-03/page-0013.jpg,13,,maximum-public-IIIF-access-copy,JPG,2065,2971,550257,10e453958b645ae72c9cbb7fff315c046abc2d89d03a357be1dd8af02c008403,public-IIIF-Level-2-max-successful-width-direct-JPEG,从抗日战争与近代中日关系文献数据平台公开IIIF服务直接下载JPEG，宽2065像素为逐级测试所得最高成功请求尺寸；文件未在本地重编码。,扫描页13,,,《旅行杂志》第13卷第3号《贵阳杂写》全篇影像1/8；本页可见题名‘贵阳杂写’及署名‘顾君谷’。；《旅行杂志》第13卷第3号《贵阳杂写》全篇影像1/8；本页可见题名‘贵阳杂写’及署名‘顾君谷’。
available,work-gu-jungu-guiyang-zaxie-jiaxiu-1939,贵阳杂写（甲秀楼相关节选）,顾君谷,source-travel-magazine-1939-03,《旅行杂志》第十三卷第三号,facsimiles/republic/source-travel-magazine-1939-03/page-0014.jpg,14,,maximum-public-IIIF-access-copy,JPG,2065,2977,574931,17d68f1c368c082bd53b6af04f28e7005acf0f5a3622aa2d177c7fa06cee9f8f,public-IIIF-Level-2-max-successful-width-direct-JPEG,从公共IIIF服务直接下载最高成功尺寸JPEG；未在本地缩放或重编码。,扫描页14,,,《贵阳杂写》全篇影像2/8。；《贵阳杂写》全篇影像2/8。
available,work-gu-jungu-guiyang-zaxie-jiaxiu-1939,贵阳杂写（甲秀楼相关节选）,顾君谷,source-travel-magazine-1939-03,《旅行杂志》第十三卷第三号,facsimiles/republic/source-travel-magazine-1939-03/page-0015.jpg,15,,maximum-public-IIIF-access-copy,JPG,2065,2971,535735,18b5b10b3bbf3c2086f0cd5ac4e4f424187d2cc9dadbc0896581a0fd2bc382be,public-IIIF-Level-2-max-successful-width-direct-JPEG,从公共IIIF服务直接下载最高成功尺寸JPEG；未在本地缩放或重编码。,扫描页15,,,《贵阳杂写》全篇影像3/8。；《贵阳杂写》全篇影像3/8。
available,work-gu-jungu-guiyang-zaxie-jiaxiu-1939,贵阳杂写（甲秀楼相关节选）,顾君谷,source-travel-magazine-1939-03,《旅行杂志》第十三卷第三号,facsimiles/republic/source-travel-magazine-1939-03/page-0016.jpg,16,,maximum-public-IIIF-access-copy,JPG,2065,2977,494442,33f79d9b8c581a73974152262a93573a8189158c1b1a17535082ad81a4510733,public-IIIF-Level-2-max-successful-width-direct-JPEG,从公共IIIF服务直接下载最高成功尺寸JPEG；未在本地缩放或重编码。,扫描页16,,,《贵阳杂写》全篇影像4/8。；《贵阳杂写》全篇影像4/8。
available,work-gu-jungu-guiyang-zaxie-jiaxiu-1939,贵阳杂写（甲秀楼相关节选）,顾君谷,source-travel-magazine-1939-03,《旅行杂志》第十三卷第三号,facsimiles/republic/source-travel-magazine-1939-03/page-0017.jpg,17,,maximum-public-IIIF-access-copy,JPG,2065,2971,570835,0530955944f0ce76c715c6ff47ad1ba1be67303f15f8f822f65d9362385f9870,public-IIIF-Level-2-max-successful-width-direct-JPEG,从公共IIIF服务直接下载最高成功尺寸JPEG；未在本地缩放或重编码。,扫描页17,,,《贵阳杂写》全篇影像5/8。；《贵阳杂写》全篇影像5/8。
available,work-gu-jungu-guiyang-zaxie-jiaxiu-1939,贵阳杂写（甲秀楼相关节选）,顾君谷,source-travel-magazine-1939-03,《旅行杂志》第十三卷第三号,facsimiles/republic/source-travel-magazine-1939-03/page-0018.jpg,18,,maximum-public-IIIF-access-copy,JPG,2065,2977,508778,f92a20084a2865f64ec518311f67558744173daba2d4a5006e3d2d256fa013a3,public-IIIF-Level-2-max-successful-width-direct-JPEG,从公共IIIF服务直接下载最高成功尺寸JPEG；未在本地缩放或重编码。,扫描页18,,,《贵阳杂写》全篇影像6/8。；《贵阳杂写》全篇影像6/8。
available,work-gu-jungu-guiyang-zaxie-jiaxiu-1939,贵阳杂写（甲秀楼相关节选）,顾君谷,source-travel-magazine-1939-03,《旅行杂志》第十三卷第三号,facsimiles/republic/source-travel-magazine-1939-03/page-0019.jpg,19,,maximum-public-IIIF-access-copy,JPG,2065,2971,567057,5458a7100546d0b8217394ac626ce7603cb8b78d9749094edcedddf0218cab86,public-IIIF-Level-2-max-successful-width-direct-JPEG,从公共IIIF服务直接下载最高成功尺寸JPEG；未在本地缩放或重编码。已按原尺寸视觉核验。,扫描页19,,,《贵阳杂写》全篇影像7/8；本页直接包含‘从岸上到甲秀楼有堤岸可通……楼旁有观音寺，再进有翠微阁，去夏四海酒家在此设立餐馆’段落。；《贵阳杂写》全篇影像7/8；本页直接包含‘从岸上到甲秀楼有堤岸可通……楼旁有观音寺，再进有翠微阁，去夏四海酒家在此设立餐馆’段落。
available,work-gu-jungu-guiyang-zaxie-jiaxiu-1939,贵阳杂写（甲秀楼相关节选）,顾君谷,source-travel-magazine-1939-03,《旅行杂志》第十三卷第三号,facsimiles/republic/source-travel-magazine-1939-03/page-0020.jpg,20,,maximum-public-IIIF-access-copy,JPG,2065,2977,483652,b3fb3bb519412fdce670c8835effc1d2fe81e5ba8b89358a99fa2fe0e47338c7,public-IIIF-Level-2-max-successful-width-direct-JPEG,从公共IIIF服务直接下载最高成功尺寸JPEG；未在本地缩放或重编码。,扫描页20,,,《贵阳杂写》全篇影像8/8。；《贵阳杂写》全篇影像8/8。
available,work-jiang-dongzhi-aoji-fu,鳌矶赋有序,江东之（字长信）,src-ruiyang-v5,《瑞阳阿集》卷五,facsimiles/early_ming_qing/src-ruiyang-v5/scan_p081.jpg,81,,access-render-highest,JPG,1920,2880,773092,7ed9c2ed22e99dbe09ebd5ba64ab9feb345dd9f4dab87328d6e14d8cd9609cc1,highest-public-page-image-direct-download,按公开服务可取得的最高成功原像素页图保存；未在本地放大或增强，具体底本与页码见备注。,扫描页81,,,《瑞陽阿集（三）》扫描第81页；经人工核页，为《鰲磯賦有敘》题名及正文起始页。；《瑞陽阿集（三）》扫描第81页；经人工核页，为《鰲磯賦有敘》题名及正文起始页。
available,work-jiang-dongzhi-aoji-fu,鳌矶赋有序,江东之（字长信）,src-ruiyang-v5,《瑞阳阿集》卷五,facsimiles/early_ming_qing/src-ruiyang-v5/scan_p082.jpg,82,,access-render-highest,JPG,1920,2880,865156,96b6132e218137d429fa6a86513b7992d0cbc51e817bdfaf9441c16f084e2ad6,highest-public-page-image-direct-download,按公开服务可取得的最高成功原像素页图保存；未在本地放大或增强，具体底本与页码见备注。,扫描页82,,,《瑞陽阿集（三）》扫描第82页；经人工核页，为《鰲磯賦有敘》正文续页。；《瑞陽阿集（三）》扫描第82页；经人工核页，为《鰲磯賦有敘》正文续页。
available,work-jiang-dongzhi-aoji-fu,鳌矶赋有序,江东之（字长信）,src-ruiyang-v5,《瑞阳阿集》卷五,facsimiles/early_ming_qing/src-ruiyang-v5/scan_p083.jpg,83,,access-render-highest,JPG,1920,2880,828234,8c923bae9caf2f6cbc8909d3adea94f1da585e69a6c6c276b6b593f74d1bba6f,highest-public-page-image-direct-download,按公开服务可取得的最高成功原像素页图保存；未在本地放大或增强，具体底本与页码见备注。,扫描页83,,,《瑞陽阿集（三）》扫描第83页；经人工核页，为《鰲磯賦有敘》正文续页。；《瑞陽阿集（三）》扫描第83页；经人工核页，为《鰲磯賦有敘》正文续页。
available,work-jiang-dongzhi-aoji-fu,鳌矶赋有序,江东之（字长信）,src-ruiyang-v5,《瑞阳阿集》卷五,facsimiles/early_ming_qing/src-ruiyang-v5/scan_p084.jpg,84,,access-render-highest,JPG,1920,2880,914261,e6da8c6aa3bef13dcf11d49c2990405c4c52745f36042d8db9d5671a87d60c6b,highest-public-page-image-direct-download,按公开服务可取得的最高成功原像素页图保存；未在本地放大或增强，具体底本与页码见备注。,扫描页84,,,《瑞陽阿集（三）》扫描第84页；经人工核页，为《鰲磯賦有敘》正文续页。；《瑞陽阿集（三）》扫描第84页；经人工核页，为《鰲磯賦有敘》正文续页。
available,work-jiang-dongzhi-aoji-fu,鳌矶赋有序,江东之（字长信）,src-ruiyang-v5,《瑞阳阿集》卷五,facsimiles/early_ming_qing/src-ruiyang-v5/scan_p085.jpg,85,,access-render-highest,JPG,1920,2880,284170,a74c043dd5fc5b4b9f9d37f628668d3aea2ca34ff572ea14f05df5783b40f202,highest-public-page-image-direct-download,按公开服务可取得的最高成功原像素页图保存；未在本地放大或增强，具体底本与页码见备注。,扫描页85,,,《瑞陽阿集（三）》扫描第85页；经人工核页，为《鰲磯賦有敘》末页，末句见“惟先哲之是程”。；《瑞陽阿集（三）》扫描第85页；经人工核页，为《鰲磯賦有敘》末页，末句见“惟先哲之是程”。
available,work-jiaxiu-inscription-01-eertai,甲秀楼,鄂尔泰,source-guizhou-tongzhi-jinshi-v152-1948,《贵州通志》卷一百五十二《金石志四》,facsimiles/qing_stones/gztz_v152_scan-008_print-066.png,8,66,access-copy-lossless,PNG,4055,3109,8945398,0b1f053eba4eb207c98a2148b74f0709048d0930d0e578114511ddd7f4e21725,lossless-PNG-decode-from-embedded-JPX,由同页原始JP2解码为PNG；4055×3109像素保持不变，无裁切、无缩放，便于浏览器及数字人文前端使用。,扫描页8；印刷页66,,,该作品相关整页影像 1/1；与同页archival-original记录像素一一对应。；该作品相关整页影像 1/1；与同页archival-original记录像素一一对应。
available,work-jiaxiu-inscription-01-eertai,甲秀楼,鄂尔泰,source-guizhou-tongzhi-jinshi-v152-1948,《贵州通志》卷一百五十二《金石志四》,facsimiles/qing_stones/gztz_v152_scan-008_print-066_master.jp2,8,66,archival-original,JP2,4055,3109,252263,633bf06a7f8b0a8468c28998fcd16059f882be38988cfe21b84c098ef2cc826b,pypdf-direct-JPX-stream-extraction,PDF内嵌JPXDecode码流逐字节抽取；未解码、未重编码、未缩放，保持源文件的原始档案质量。,扫描页8；印刷页66,,,该作品相关整页影像 1/1；1948年《贵州通志》卷一百五十二《金石志四》。；该作品相关整页影像 1/1；1948年《贵州通志》卷一百五十二《金石志四》。
available,work-jiaxiu-inscription-02-zou-yigui,戊午登甲秀楼送阮主试即依赠韵,邹一桂,source-guizhou-tongzhi-jinshi-v152-1948,《贵州通志》卷一百五十二《金石志四》,facsimiles/qing_stones/gztz_v152_scan-009_print-067.png,9,67,access-copy-lossless,PNG,4055,3109,8639293,3d58c80f07659b0994b58a35546a7103a2bef4bdb93803bcec29c1be663eed5d,lossless-PNG-decode-from-embedded-JPX,由同页原始JP2解码为PNG；4055×3109像素保持不变，无裁切、无缩放，便于浏览器及数字人文前端使用。,扫描页9；印刷页67,,,该作品相关整页影像 1/1；与同页archival-original记录像素一一对应。；该作品相关整页影像 1/1；与同页archival-original记录像素一一对应。
available,work-jiaxiu-inscription-02-zou-yigui,戊午登甲秀楼送阮主试即依赠韵,邹一桂,source-guizhou-tongzhi-jinshi-v152-1948,《贵州通志》卷一百五十二《金石志四》,facsimiles/qing_stones/gztz_v152_scan-009_print-067_master.jp2,9,67,archival-original,JP2,4055,3109,252265,6b5d372b910c3de26ca667d271c5fefe2f9a3f2a1e8d297145f1981a07ceadd7,pypdf-direct-JPX-stream-extraction,PDF内嵌JPXDecode码流逐字节抽取；未解码、未重编码、未缩放，保持源文件的原始档案质量。,扫描页9；印刷页67,,,该作品相关整页影像 1/1；1948年《贵州通志》卷一百五十二《金石志四》。；该作品相关整页影像 1/1；1948年《贵州通志》卷一百五十二《金石志四》。
available,work-jiaxiu-inscription-03-wu-dashan,壬午仲春登甲秀楼,吴达善,source-guizhou-tongzhi-jinshi-v152-1948,《贵州通志》卷一百五十二《金石志四》,facsimiles/qing_stones/gztz_v152_scan-013_print-071.png,13,71,access-copy-lossless,PNG,4055,3109,7963963,87f20c89bcbb03fbbba5795375ff7a6c952ff2db75b88c74452a9e7c86eb35ca,lossless-PNG-decode-from-embedded-JPX,由同页原始JP2解码为PNG；4055×3109像素保持不变，无裁切、无缩放，便于浏览器及数字人文前端使用。,扫描页13；印刷页71,,,该作品相关整页影像 1/1；与同页archival-original记录像素一一对应。；该作品相关整页影像 1/1；与同页archival-original记录像素一一对应。
available,work-jiaxiu-inscription-03-wu-dashan,壬午仲春登甲秀楼,吴达善,source-guizhou-tongzhi-jinshi-v152-1948,《贵州通志》卷一百五十二《金石志四》,facsimiles/qing_stones/gztz_v152_scan-013_print-071_master.jp2,13,71,archival-original,JP2,4055,3109,252272,10f93814d9e7e9b32da4ba6de3c0b0ac3e933c31f03418d2b904c34826f921ab,pypdf-direct-JPX-stream-extraction,PDF内嵌JPXDecode码流逐字节抽取；未解码、未重编码、未缩放，保持源文件的原始档案质量。,扫描页13；印刷页71,,,该作品相关整页影像 1/1；1948年《贵州通志》卷一百五十二《金石志四》。；该作品相关整页影像 1/1；1948年《贵州通志》卷一百五十二《金石志四》。
available,work-jiaxiu-inscription-04-liu-zao,题甲秀楼和吴雨民制军韵,刘藻,source-guizhou-tongzhi-jinshi-v152-1948,《贵州通志》卷一百五十二《金石志四》,facsimiles/qing_stones/gztz_v152_scan-013_print-071.png,13,71,access-copy-lossless,PNG,4055,3109,7963963,87f20c89bcbb03fbbba5795375ff7a6c952ff2db75b88c74452a9e7c86eb35ca,lossless-PNG-decode-from-embedded-JPX,由同页原始JP2解码为PNG；4055×3109像素保持不变，无裁切、无缩放，便于浏览器及数字人文前端使用。,扫描页13；印刷页71,,,该作品相关整页影像 1/1；与同页archival-original记录像素一一对应。；该作品相关整页影像 1/1；与同页archival-original记录像素一一对应。
available,work-jiaxiu-inscription-04-liu-zao,题甲秀楼和吴雨民制军韵,刘藻,source-guizhou-tongzhi-jinshi-v152-1948,《贵州通志》卷一百五十二《金石志四》,facsimiles/qing_stones/gztz_v152_scan-013_print-071_master.jp2,13,71,archival-original,JP2,4055,3109,252272,10f93814d9e7e9b32da4ba6de3c0b0ac3e933c31f03418d2b904c34826f921ab,pypdf-direct-JPX-stream-extraction,PDF内嵌JPXDecode码流逐字节抽取；未解码、未重编码、未缩放，保持源文件的原始档案质量。,扫描页13；印刷页71,,,该作品相关整页影像 1/1；1948年《贵州通志》卷一百五十二《金石志四》。；该作品相关整页影像 1/1；1948年《贵州通志》卷一百五十二《金石志四》。
available,work-jiaxiu-inscription-06-zheng-dajin,登甲秀楼,郑大进,source-guizhou-tongzhi-jinshi-v152-1948,《贵州通志》卷一百五十二《金石志四》,facsimiles/qing_stones/gztz_v152_scan-014_print-072.png,14,72,access-copy-lossless,PNG,4055,3109,9199716,4965db3ab850b052ca46c884ef2fb18199407ee41eebbb2a29f5250c836c5c63,lossless-PNG-decode-from-embedded-JPX,由同页原始JP2解码为PNG；4055×3109像素保持不变，无裁切、无缩放，便于浏览器及数字人文前端使用。,扫描页14；印刷页72,,,该作品相关整页影像 1/1；与同页archival-original记录像素一一对应。；该作品相关整页影像 1/2；与同页archival-original记录像素一一对应。
available,work-jiaxiu-inscription-06-zheng-dajin,登甲秀楼,郑大进,source-guizhou-tongzhi-jinshi-v152-1948,《贵州通志》卷一百五十二《金石志四》,facsimiles/qing_stones/gztz_v152_scan-014_print-072_master.jp2,14,72,archival-original,JP2,4055,3109,252257,1c9790b65d5ea061d65d60a04856fb44d67977d6ecc631ffdfb63e346aa66785,pypdf-direct-JPX-stream-extraction,PDF内嵌JPXDecode码流逐字节抽取；未解码、未重编码、未缩放，保持源文件的原始档案质量。,扫描页14；印刷页72,,,该作品相关整页影像 1/1；1948年《贵州通志》卷一百五十二《金石志四》。；该作品相关整页影像 1/2；1948年《贵州通志》卷一百五十二《金石志四》。
available,work-jiaxiu-inscription-06-zheng-dajin,登甲秀楼,郑大进,source-guizhou-tongzhi-jinshi-v152-1948,《贵州通志》卷一百五十二《金石志四》,facsimiles/qing_stones/gztz_v152_scan-015_print-073.png,15,73,access-copy-lossless,PNG,4055,3109,8610980,0e56d63e941e588f7a3d3d611ea8d027363cd2f412044db7bbb8b2b8660ce03f,lossless-PNG-decode-from-embedded-JPX,由同页原始JP2解码为PNG；4055×3109像素保持不变，无裁切、无缩放，便于浏览器及数字人文前端使用。,扫描页15；印刷页73,,,该作品相关整页影像 2/2；与同页archival-original记录像素一一对应。；该作品相关整页影像 2/2；与同页archival-original记录像素一一对应。
available,work-jiaxiu-inscription-06-zheng-dajin,登甲秀楼,郑大进,source-guizhou-tongzhi-jinshi-v152-1948,《贵州通志》卷一百五十二《金石志四》,facsimiles/qing_stones/gztz_v152_scan-015_print-073_master.jp2,15,73,archival-original,JP2,4055,3109,252257,f770f40cecd799e041d240eddda6644117178a585bbeee3bf59cc30d56fc3c7b,pypdf-direct-JPX-stream-extraction,PDF内嵌JPXDecode码流逐字节抽取；未解码、未重编码、未缩放，保持源文件的原始档案质量。,扫描页15；印刷页73,,,该作品相关整页影像 2/2；1948年《贵州通志》卷一百五十二《金石志四》。；该作品相关整页影像 2/2；1948年《贵州通志》卷一百五十二《金石志四》。
available,work-pei-zongxi-rebuild-jiaxiu-stele,重修甲秀楼碑记,裴宗锡,source-guizhou-tongzhi-jinshi-v152-1948,《贵州通志》卷一百五十二《金石志四》,facsimiles/qing_stones/gztz_v152_scan-013_print-071.png,13,71,access-copy-lossless,PNG,4055,3109,7963963,87f20c89bcbb03fbbba5795375ff7a6c952ff2db75b88c74452a9e7c86eb35ca,lossless-PNG-decode-from-embedded-JPX,由同页原始JP2解码为PNG；4055×3109像素保持不变，无裁切、无缩放，便于浏览器及数字人文前端使用。,扫描页13；印刷页71,,,该作品相关整页影像 1/1；与同页archival-original记录像素一一对应。；该作品相关整页影像 1/2；与同页archival-original记录像素一一对应。
available,work-pei-zongxi-rebuild-jiaxiu-stele,重修甲秀楼碑记,裴宗锡,source-guizhou-tongzhi-jinshi-v152-1948,《贵州通志》卷一百五十二《金石志四》,facsimiles/qing_stones/gztz_v152_scan-013_print-071_master.jp2,13,71,archival-original,JP2,4055,3109,252272,10f93814d9e7e9b32da4ba6de3c0b0ac3e933c31f03418d2b904c34826f921ab,pypdf-direct-JPX-stream-extraction,PDF内嵌JPXDecode码流逐字节抽取；未解码、未重编码、未缩放，保持源文件的原始档案质量。,扫描页13；印刷页71,,,该作品相关整页影像 1/1；1948年《贵州通志》卷一百五十二《金石志四》。；该作品相关整页影像 1/2；1948年《贵州通志》卷一百五十二《金石志四》。
available,work-pei-zongxi-rebuild-jiaxiu-stele,重修甲秀楼碑记,裴宗锡,source-guizhou-tongzhi-jinshi-v152-1948,《贵州通志》卷一百五十二《金石志四》,facsimiles/qing_stones/gztz_v152_scan-014_print-072.png,14,72,access-copy-lossless,PNG,4055,3109,9199716,4965db3ab850b052ca46c884ef2fb18199407ee41eebbb2a29f5250c836c5c63,lossless-PNG-decode-from-embedded-JPX,由同页原始JP2解码为PNG；4055×3109像素保持不变，无裁切、无缩放，便于浏览器及数字人文前端使用。,扫描页14；印刷页72,,,该作品相关整页影像 1/1；与同页archival-original记录像素一一对应。；该作品相关整页影像 2/2；与同页archival-original记录像素一一对应。
available,work-pei-zongxi-rebuild-jiaxiu-stele,重修甲秀楼碑记,裴宗锡,source-guizhou-tongzhi-jinshi-v152-1948,《贵州通志》卷一百五十二《金石志四》,facsimiles/qing_stones/gztz_v152_scan-014_print-072_master.jp2,14,72,archival-original,JP2,4055,3109,252257,1c9790b65d5ea061d65d60a04856fb44d67977d6ecc631ffdfb63e346aa66785,pypdf-direct-JPX-stream-extraction,PDF内嵌JPXDecode码流逐字节抽取；未解码、未重编码、未缩放，保持源文件的原始档案质量。,扫描页14；印刷页72,,,该作品相关整页影像 1/1；1948年《贵州通志》卷一百五十二《金石志四》。；该作品相关整页影像 2/2；1948年《贵州通志》卷一百五十二《金石志四》。
available,work-jiaxiu-inscription-05-pei-zongxi,题甲秀楼,裴宗锡,source-guizhou-tongzhi-jinshi-v152-1948,《贵州通志》卷一百五十二《金石志四》,facsimiles/qing_stones/gztz_v152_scan-014_print-072.png,14,72,access-copy-lossless,PNG,4055,3109,9199716,4965db3ab850b052ca46c884ef2fb18199407ee41eebbb2a29f5250c836c5c63,lossless-PNG-decode-from-embedded-JPX,由同页原始JP2解码为PNG；4055×3109像素保持不变，无裁切、无缩放，便于浏览器及数字人文前端使用。,扫描页14；印刷页72,,,该作品相关整页影像 1/1；与同页archival-original记录像素一一对应。；该作品相关整页影像 1/1；与同页archival-original记录像素一一对应。
available,work-jiaxiu-inscription-05-pei-zongxi,题甲秀楼,裴宗锡,source-guizhou-tongzhi-jinshi-v152-1948,《贵州通志》卷一百五十二《金石志四》,facsimiles/qing_stones/gztz_v152_scan-014_print-072_master.jp2,14,72,archival-original,JP2,4055,3109,252257,1c9790b65d5ea061d65d60a04856fb44d67977d6ecc631ffdfb63e346aa66785,pypdf-direct-JPX-stream-extraction,PDF内嵌JPXDecode码流逐字节抽取；未解码、未重编码、未缩放，保持源文件的原始档案质量。,扫描页14；印刷页72,,,该作品相关整页影像 1/1；1948年《贵州通志》卷一百五十二《金石志四》。；该作品相关整页影像 1/1；1948年《贵州通志》卷一百五十二《金石志四》。
available,work-jiaxiu-inscription-07-huang-tengda-et-al,登城南甲秀楼联句并跋,黄腾达（号斗槎）；周书愚；野溪（姓名待考）；萧省斋；鲁伯墀；张平斋；孙松亭；毛果亭；德懋,source-guizhou-tongzhi-jinshi-v152-1948,《贵州通志》卷一百五十二《金石志四》,facsimiles/qing_stones/gztz_v152_scan-015_print-073.png,15,73,access-copy-lossless,PNG,4055,3109,8610980,0e56d63e941e588f7a3d3d611ea8d027363cd2f412044db7bbb8b2b8660ce03f,lossless-PNG-decode-from-embedded-JPX,由同页原始JP2解码为PNG；4055×3109像素保持不变，无裁切、无缩放，便于浏览器及数字人文前端使用。,扫描页15；印刷页73,,,该作品相关整页影像 2/2；与同页archival-original记录像素一一对应。；该作品相关整页影像 1/2；与同页archival-original记录像素一一对应。
available,work-jiaxiu-inscription-07-huang-tengda-et-al,登城南甲秀楼联句并跋,黄腾达（号斗槎）；周书愚；野溪（姓名待考）；萧省斋；鲁伯墀；张平斋；孙松亭；毛果亭；德懋,source-guizhou-tongzhi-jinshi-v152-1948,《贵州通志》卷一百五十二《金石志四》,facsimiles/qing_stones/gztz_v152_scan-015_print-073_master.jp2,15,73,archival-original,JP2,4055,3109,252257,f770f40cecd799e041d240eddda6644117178a585bbeee3bf59cc30d56fc3c7b,pypdf-direct-JPX-stream-extraction,PDF内嵌JPXDecode码流逐字节抽取；未解码、未重编码、未缩放，保持源文件的原始档案质量。,扫描页15；印刷页73,,,该作品相关整页影像 2/2；1948年《贵州通志》卷一百五十二《金石志四》。；该作品相关整页影像 1/2；1948年《贵州通志》卷一百五十二《金石志四》。
available,work-jiaxiu-inscription-07-huang-tengda-et-al,登城南甲秀楼联句并跋,黄腾达（号斗槎）；周书愚；野溪（姓名待考）；萧省斋；鲁伯墀；张平斋；孙松亭；毛果亭；德懋,source-guizhou-tongzhi-jinshi-v152-1948,《贵州通志》卷一百五十二《金石志四》,facsimiles/qing_stones/gztz_v152_scan-016_print-074.png,16,74,access-copy-lossless,PNG,4055,3109,7839858,14e6bfcc4d3a7fa8c4fa96aff810df25ae32723ffccb60dd2e1aaf4063600613,lossless-PNG-decode-from-embedded-JPX,由同页原始JP2解码为PNG；4055×3109像素保持不变，无裁切、无缩放，便于浏览器及数字人文前端使用。,扫描页16；印刷页74,,,该作品相关整页影像 2/2；与同页archival-original记录像素一一对应。；该作品相关整页影像 2/2；与同页archival-original记录像素一一对应。
available,work-jiaxiu-inscription-07-huang-tengda-et-al,登城南甲秀楼联句并跋,黄腾达（号斗槎）；周书愚；野溪（姓名待考）；萧省斋；鲁伯墀；张平斋；孙松亭；毛果亭；德懋,source-guizhou-tongzhi-jinshi-v152-1948,《贵州通志》卷一百五十二《金石志四》,facsimiles/qing_stones/gztz_v152_scan-016_print-074_master.jp2,16,74,archival-original,JP2,4055,3109,252278,8bf36c01b3000bd5c1dda66113d01ef9491f62b6a3b60c2936736fc7013e8c44,pypdf-direct-JPX-stream-extraction,PDF内嵌JPXDecode码流逐字节抽取；未解码、未重编码、未缩放，保持源文件的原始档案质量。,扫描页16；印刷页74,,,该作品相关整页影像 2/2；1948年《贵州通志》卷一百五十二《金石志四》。；该作品相关整页影像 2/2；1948年《贵州通志》卷一百五十二《金石志四》。
available,work-jiaxiu-inscription-08-wu-shouchang,题甲秀楼,吴寿昌,source-guizhou-tongzhi-jinshi-v152-1948,《贵州通志》卷一百五十二《金石志四》,facsimiles/qing_stones/gztz_v152_scan-016_print-074.png,16,74,access-copy-lossless,PNG,4055,3109,7839858,14e6bfcc4d3a7fa8c4fa96aff810df25ae32723ffccb60dd2e1aaf4063600613,lossless-PNG-decode-from-embedded-JPX,由同页原始JP2解码为PNG；4055×3109像素保持不变，无裁切、无缩放，便于浏览器及数字人文前端使用。,扫描页16；印刷页74,,,该作品相关整页影像 2/2；与同页archival-original记录像素一一对应。；该作品相关整页影像 1/2；与同页archival-original记录像素一一对应。
available,work-jiaxiu-inscription-08-wu-shouchang,题甲秀楼,吴寿昌,source-guizhou-tongzhi-jinshi-v152-1948,《贵州通志》卷一百五十二《金石志四》,facsimiles/qing_stones/gztz_v152_scan-016_print-074_master.jp2,16,74,archival-original,JP2,4055,3109,252278,8bf36c01b3000bd5c1dda66113d01ef9491f62b6a3b60c2936736fc7013e8c44,pypdf-direct-JPX-stream-extraction,PDF内嵌JPXDecode码流逐字节抽取；未解码、未重编码、未缩放，保持源文件的原始档案质量。,扫描页16；印刷页74,,,该作品相关整页影像 2/2；1948年《贵州通志》卷一百五十二《金石志四》。；该作品相关整页影像 1/2；1948年《贵州通志》卷一百五十二《金石志四》。
available,work-jiaxiu-inscription-08-wu-shouchang,题甲秀楼,吴寿昌,source-guizhou-tongzhi-jinshi-v152-1948,《贵州通志》卷一百五十二《金石志四》,facsimiles/qing_stones/gztz_v152_scan-017_print-075.png,17,75,access-copy-lossless,PNG,4055,3109,9972105,cfc8d60ff58c0487c5e14db55e81c510f2213e30d6f5edabcf177d62e9e52925,lossless-PNG-decode-from-embedded-JPX,由同页原始JP2解码为PNG；4055×3109像素保持不变，无裁切、无缩放，便于浏览器及数字人文前端使用。,扫描页17；印刷页75,,,该作品相关整页影像 2/2；与同页archival-original记录像素一一对应。；该作品相关整页影像 2/2；与同页archival-original记录像素一一对应。
available,work-jiaxiu-inscription-08-wu-shouchang,题甲秀楼,吴寿昌,source-guizhou-tongzhi-jinshi-v152-1948,《贵州通志》卷一百五十二《金石志四》,facsimiles/qing_stones/gztz_v152_scan-017_print-075_master.jp2,17,75,archival-original,JP2,4055,3109,252265,0bb9c5f0c252e1e3be89f3ba31c007f0b0b2cecac26b041fb37829d7ea8c7a55,pypdf-direct-JPX-stream-extraction,PDF内嵌JPXDecode码流逐字节抽取；未解码、未重编码、未缩放，保持源文件的原始档案质量。,扫描页17；印刷页75,,,该作品相关整页影像 2/2；1948年《贵州通志》卷一百五十二《金石志四》。；该作品相关整页影像 2/2；1948年《贵州通志》卷一百五十二《金石志四》。
available,work-jiaxiu-inscription-09-ai-mao,次文宗吴蓉塘先生韵,艾茂,source-guizhou-tongzhi-jinshi-v152-1948,《贵州通志》卷一百五十二《金石志四》,facsimiles/qing_stones/gztz_v152_scan-017_print-075.png,17,75,access-copy-lossless,PNG,4055,3109,9972105,cfc8d60ff58c0487c5e14db55e81c510f2213e30d6f5edabcf177d62e9e52925,lossless-PNG-decode-from-embedded-JPX,由同页原始JP2解码为PNG；4055×3109像素保持不变，无裁切、无缩放，便于浏览器及数字人文前端使用。,扫描页17；印刷页75,,,该作品相关整页影像 2/2；与同页archival-original记录像素一一对应。；该作品相关整页影像 1/1；与同页archival-original记录像素一一对应。
available,work-jiaxiu-inscription-09-ai-mao,次文宗吴蓉塘先生韵,艾茂,source-guizhou-tongzhi-jinshi-v152-1948,《贵州通志》卷一百五十二《金石志四》,facsimiles/qing_stones/gztz_v152_scan-017_print-075_master.jp2,17,75,archival-original,JP2,4055,3109,252265,0bb9c5f0c252e1e3be89f3ba31c007f0b0b2cecac26b041fb37829d7ea8c7a55,pypdf-direct-JPX-stream-extraction,PDF内嵌JPXDecode码流逐字节抽取；未解码、未重编码、未缩放，保持源文件的原始档案质量。,扫描页17；印刷页75,,,该作品相关整页影像 2/2；1948年《贵州通志》卷一百五十二《金石志四》。；该作品相关整页影像 1/1；1948年《贵州通志》卷一百五十二《金石志四》。
available,work-jiaxiu-inscription-10-feng-guangxiong,和鄂太傅甲秀楼原韵,冯光熊,source-guizhou-tongzhi-jinshi-v152-1948,《贵州通志》卷一百五十二《金石志四》,facsimiles/qing_stones/gztz_v152_scan-017_print-075.png,17,75,access-copy-lossless,PNG,4055,3109,9972105,cfc8d60ff58c0487c5e14db55e81c510f2213e30d6f5edabcf177d62e9e52925,lossless-PNG-decode-from-embedded-JPX,由同页原始JP2解码为PNG；4055×3109像素保持不变，无裁切、无缩放，便于浏览器及数字人文前端使用。,扫描页17；印刷页75,,,该作品相关整页影像 2/2；与同页archival-original记录像素一一对应。；该作品相关整页影像 1/1；与同页archival-original记录像素一一对应。
available,work-jiaxiu-inscription-10-feng-guangxiong,和鄂太傅甲秀楼原韵,冯光熊,source-guizhou-tongzhi-jinshi-v152-1948,《贵州通志》卷一百五十二《金石志四》,facsimiles/qing_stones/gztz_v152_scan-017_print-075_master.jp2,17,75,archival-original,JP2,4055,3109,252265,0bb9c5f0c252e1e3be89f3ba31c007f0b0b2cecac26b041fb37829d7ea8c7a55,pypdf-direct-JPX-stream-extraction,PDF内嵌JPXDecode码流逐字节抽取；未解码、未重编码、未缩放，保持源文件的原始档案质量。,扫描页17；印刷页75,,,该作品相关整页影像 2/2；1948年《贵州通志》卷一百五十二《金石志四》。；该作品相关整页影像 1/1；1948年《贵州通志》卷一百五十二《金石志四》。
available,work-jiaxiu-inscription-11a-chen-huai,和鄂文端公诗,陈淮,source-guizhou-tongzhi-jinshi-v152-1948,《贵州通志》卷一百五十二《金石志四》,facsimiles/qing_stones/gztz_v152_scan-017_print-075.png,17,75,access-copy-lossless,PNG,4055,3109,9972105,cfc8d60ff58c0487c5e14db55e81c510f2213e30d6f5edabcf177d62e9e52925,lossless-PNG-decode-from-embedded-JPX,由同页原始JP2解码为PNG；4055×3109像素保持不变，无裁切、无缩放，便于浏览器及数字人文前端使用。,扫描页17；印刷页75,,,该作品相关整页影像 2/2；与同页archival-original记录像素一一对应。；该作品相关整页影像 1/1；与同页archival-original记录像素一一对应。
available,work-jiaxiu-inscription-11a-chen-huai,和鄂文端公诗,陈淮,source-guizhou-tongzhi-jinshi-v152-1948,《贵州通志》卷一百五十二《金石志四》,facsimiles/qing_stones/gztz_v152_scan-017_print-075_master.jp2,17,75,archival-original,JP2,4055,3109,252265,0bb9c5f0c252e1e3be89f3ba31c007f0b0b2cecac26b041fb37829d7ea8c7a55,pypdf-direct-JPX-stream-extraction,PDF内嵌JPXDecode码流逐字节抽取；未解码、未重编码、未缩放，保持源文件的原始档案质量。,扫描页17；印刷页75,,,该作品相关整页影像 2/2；1948年《贵州通志》卷一百五十二《金石志四》。；该作品相关整页影像 1/1；1948年《贵州通志》卷一百五十二《金石志四》。
available,work-jiaxiu-inscription-11b-chen-huai,少保鄂公铁柱铭,陈淮,source-guizhou-tongzhi-jinshi-v152-1948,《贵州通志》卷一百五十二《金石志四》,facsimiles/qing_stones/gztz_v152_scan-017_print-075.png,17,75,access-copy-lossless,PNG,4055,3109,9972105,cfc8d60ff58c0487c5e14db55e81c510f2213e30d6f5edabcf177d62e9e52925,lossless-PNG-decode-from-embedded-JPX,由同页原始JP2解码为PNG；4055×3109像素保持不变，无裁切、无缩放，便于浏览器及数字人文前端使用。,扫描页17；印刷页75,,,该作品相关整页影像 2/2；与同页archival-original记录像素一一对应。；该作品相关整页影像 1/2；与同页archival-original记录像素一一对应。
available,work-jiaxiu-inscription-11b-chen-huai,少保鄂公铁柱铭,陈淮,source-guizhou-tongzhi-jinshi-v152-1948,《贵州通志》卷一百五十二《金石志四》,facsimiles/qing_stones/gztz_v152_scan-017_print-075_master.jp2,17,75,archival-original,JP2,4055,3109,252265,0bb9c5f0c252e1e3be89f3ba31c007f0b0b2cecac26b041fb37829d7ea8c7a55,pypdf-direct-JPX-stream-extraction,PDF内嵌JPXDecode码流逐字节抽取；未解码、未重编码、未缩放，保持源文件的原始档案质量。,扫描页17；印刷页75,,,该作品相关整页影像 2/2；1948年《贵州通志》卷一百五十二《金石志四》。；该作品相关整页影像 1/2；1948年《贵州通志》卷一百五十二《金石志四》。
available,work-jiaxiu-inscription-11b-chen-huai,少保鄂公铁柱铭,陈淮,source-guizhou-tongzhi-jinshi-v152-1948,《贵州通志》卷一百五十二《金石志四》,facsimiles/qing_stones/gztz_v152_scan-018_print-076.png,18,76,access-copy-lossless,PNG,4055,3109,10004159,78f3707dc75a4b598e49f67ec6732f767fe4162d87549bf408a2053f978e9987,lossless-PNG-decode-from-embedded-JPX,由同页原始JP2解码为PNG；4055×3109像素保持不变，无裁切、无缩放，便于浏览器及数字人文前端使用。,扫描页18；印刷页76,,,该作品相关整页影像 2/2；与同页archival-original记录像素一一对应。；该作品相关整页影像 2/2；与同页archival-original记录像素一一对应。
available,work-jiaxiu-inscription-11b-chen-huai,少保鄂公铁柱铭,陈淮,source-guizhou-tongzhi-jinshi-v152-1948,《贵州通志》卷一百五十二《金石志四》,facsimiles/qing_stones/gztz_v152_scan-018_print-076_master.jp2,18,76,archival-original,JP2,4055,3109,252260,9c99be3ca9811672d49145870e883cc02b2cbf61c256fd027141a52dc4f1ae86,pypdf-direct-JPX-stream-extraction,PDF内嵌JPXDecode码流逐字节抽取；未解码、未重编码、未缩放，保持源文件的原始档案质量。,扫描页18；印刷页76,,,该作品相关整页影像 2/2；1948年《贵州通志》卷一百五十二《金石志四》。；该作品相关整页影像 2/2；1948年《贵州通志》卷一百五十二《金石志四》。
available,work-jiaxiu-inscription-11c-chen-huai,纪功铁柱诗并序,陈淮,source-guizhou-tongzhi-jinshi-v152-1948,《贵州通志》卷一百五十二《金石志四》,facsimiles/qing_stones/gztz_v152_scan-018_print-076.png,18,76,access-copy-lossless,PNG,4055,3109,10004159,78f3707dc75a4b598e49f67ec6732f767fe4162d87549bf408a2053f978e9987,lossless-PNG-decode-from-embedded-JPX,由同页原始JP2解码为PNG；4055×3109像素保持不变，无裁切、无缩放，便于浏览器及数字人文前端使用。,扫描页18；印刷页76,,,该作品相关整页影像 2/2；与同页archival-original记录像素一一对应。；该作品相关整页影像 1/1；与同页archival-original记录像素一一对应。
available,work-jiaxiu-inscription-11c-chen-huai,纪功铁柱诗并序,陈淮,source-guizhou-tongzhi-jinshi-v152-1948,《贵州通志》卷一百五十二《金石志四》,facsimiles/qing_stones/gztz_v152_scan-018_print-076_master.jp2,18,76,archival-original,JP2,4055,3109,252260,9c99be3ca9811672d49145870e883cc02b2cbf61c256fd027141a52dc4f1ae86,pypdf-direct-JPX-stream-extraction,PDF内嵌JPXDecode码流逐字节抽取；未解码、未重编码、未缩放，保持源文件的原始档案质量。,扫描页18；印刷页76,,,该作品相关整页影像 2/2；1948年《贵州通志》卷一百五十二《金石志四》。；该作品相关整页影像 1/1；1948年《贵州通志》卷一百五十二《金石志四》。
available,work-jiaxiu-inscription-12-qiao-yongqian,步鄂文端登甲秀楼元韵,乔用迁,source-guizhou-tongzhi-jinshi-v152-1948,《贵州通志》卷一百五十二《金石志四》,facsimiles/qing_stones/gztz_v152_scan-029_print-087.png,29,87,access-copy-lossless,PNG,4055,3109,8792313,ede177435908f4bb03a61dbe143ef88c6a0481f74d43a6f51d158ecc47d27f1e,lossless-PNG-decode-from-embedded-JPX,由同页原始JP2解码为PNG；4055×3109像素保持不变，无裁切、无缩放，便于浏览器及数字人文前端使用。,扫描页29；印刷页87,,,该作品相关整页影像 1/1；与同页archival-original记录像素一一对应。；该作品相关整页影像 1/1；与同页archival-original记录像素一一对应。
available,work-jiaxiu-inscription-12-qiao-yongqian,步鄂文端登甲秀楼元韵,乔用迁,source-guizhou-tongzhi-jinshi-v152-1948,《贵州通志》卷一百五十二《金石志四》,facsimiles/qing_stones/gztz_v152_scan-029_print-087_master.jp2,29,87,archival-original,JP2,4055,3109,252259,a9c8200cc05317e8e7831798dd050ebfd9fc01660017cf9c05960e4d9e9abaa5,pypdf-direct-JPX-stream-extraction,PDF内嵌JPXDecode码流逐字节抽取；未解码、未重编码、未缩放，保持源文件的原始档案质量。,扫描页29；印刷页87,,,该作品相关整页影像 1/1；1948年《贵州通志》卷一百五十二《金石志四》。；该作品相关整页影像 1/1；1948年《贵州通志》卷一百五十二《金石志四》。
available,work-jiaxiu-inscription-13-weng-tongshu,步鄂文端登甲秀楼原韵,翁同书,source-guizhou-tongzhi-jinshi-v152-1948,《贵州通志》卷一百五十二《金石志四》,facsimiles/qing_stones/gztz_v152_scan-029_print-087.png,29,87,access-copy-lossless,PNG,4055,3109,8792313,ede177435908f4bb03a61dbe143ef88c6a0481f74d43a6f51d158ecc47d27f1e,lossless-PNG-decode-from-embedded-JPX,由同页原始JP2解码为PNG；4055×3109像素保持不变，无裁切、无缩放，便于浏览器及数字人文前端使用。,扫描页29；印刷页87,,,该作品相关整页影像 1/1；与同页archival-original记录像素一一对应。；该作品相关整页影像 1/1；与同页archival-original记录像素一一对应。
available,work-jiaxiu-inscription-14-wu-shifen,步鄂文端登甲秀楼原韵,吴式芬,source-guizhou-tongzhi-jinshi-v152-1948,《贵州通志》卷一百五十二《金石志四》,facsimiles/qing_stones/gztz_v152_scan-029_print-087.png,29,87,access-copy-lossless,PNG,4055,3109,8792313,ede177435908f4bb03a61dbe143ef88c6a0481f74d43a6f51d158ecc47d27f1e,lossless-PNG-decode-from-embedded-JPX,由同页原始JP2解码为PNG；4055×3109像素保持不变，无裁切、无缩放，便于浏览器及数字人文前端使用。,扫描页29；印刷页87,,,该作品相关整页影像 1/1；与同页archival-original记录像素一一对应。；该作品相关整页影像 1/1；与同页archival-original记录像素一一对应。
available,work-jiaxiu-inscription-13-weng-tongshu,步鄂文端登甲秀楼原韵,翁同书,source-guizhou-tongzhi-jinshi-v152-1948,《贵州通志》卷一百五十二《金石志四》,facsimiles/qing_stones/gztz_v152_scan-029_print-087_master.jp2,29,87,archival-original,JP2,4055,3109,252259,a9c8200cc05317e8e7831798dd050ebfd9fc01660017cf9c05960e4d9e9abaa5,pypdf-direct-JPX-stream-extraction,PDF内嵌JPXDecode码流逐字节抽取；未解码、未重编码、未缩放，保持源文件的原始档案质量。,扫描页29；印刷页87,,,该作品相关整页影像 1/1；1948年《贵州通志》卷一百五十二《金石志四》。；该作品相关整页影像 1/1；1948年《贵州通志》卷一百五十二《金石志四》。
available,work-jiaxiu-inscription-14-wu-shifen,步鄂文端登甲秀楼原韵,吴式芬,source-guizhou-tongzhi-jinshi-v152-1948,《贵州通志》卷一百五十二《金石志四》,facsimiles/qing_stones/gztz_v152_scan-029_print-087_master.jp2,29,87,archival-original,JP2,4055,3109,252259,a9c8200cc05317e8e7831798dd050ebfd9fc01660017cf9c05960e4d9e9abaa5,pypdf-direct-JPX-stream-extraction,PDF内嵌JPXDecode码流逐字节抽取；未解码、未重编码、未缩放，保持源文件的原始档案质量。,扫描页29；印刷页87,,,该作品相关整页影像 1/1；1948年《贵州通志》卷一百五十二《金石志四》。；该作品相关整页影像 1/1；1948年《贵州通志》卷一百五十二《金石志四》。
available,work-jiaxiu-inscription-15-huang-zhaizhong,步鄂文端登甲秀楼原韵,黄宅中,source-guizhou-tongzhi-jinshi-v152-1948,《贵州通志》卷一百五十二《金石志四》,facsimiles/qing_stones/gztz_v152_scan-030_print-088.png,30,88,access-copy-lossless,PNG,4055,3109,9081129,b6f5228d62378eedaf19c3fd2f30210a5ece14d745962fad569856f0ff530a83,lossless-PNG-decode-from-embedded-JPX,由同页原始JP2解码为PNG；4055×3109像素保持不变，无裁切、无缩放，便于浏览器及数字人文前端使用。,扫描页30；印刷页88,,,该作品相关整页影像 1/1；与同页archival-original记录像素一一对应。；该作品相关整页影像 1/1；与同页archival-original记录像素一一对应。
available,work-jiaxiu-inscription-16-he-guanying,步鄂文端登甲秀楼原韵,何冠英,source-guizhou-tongzhi-jinshi-v152-1948,《贵州通志》卷一百五十二《金石志四》,facsimiles/qing_stones/gztz_v152_scan-030_print-088.png,30,88,access-copy-lossless,PNG,4055,3109,9081129,b6f5228d62378eedaf19c3fd2f30210a5ece14d745962fad569856f0ff530a83,lossless-PNG-decode-from-embedded-JPX,由同页原始JP2解码为PNG；4055×3109像素保持不变，无裁切、无缩放，便于浏览器及数字人文前端使用。,扫描页30；印刷页88,,,该作品相关整页影像 1/1；与同页archival-original记录像素一一对应。；该作品相关整页影像 1/1；与同页archival-original记录像素一一对应。
available,work-jiaxiu-inscription-17-kong-qinghu,步鄂文端登甲秀楼原韵,孔庆瑚,source-guizhou-tongzhi-jinshi-v152-1948,《贵州通志》卷一百五十二《金石志四》,facsimiles/qing_stones/gztz_v152_scan-030_print-088.png,30,88,access-copy-lossless,PNG,4055,3109,9081129,b6f5228d62378eedaf19c3fd2f30210a5ece14d745962fad569856f0ff530a83,lossless-PNG-decode-from-embedded-JPX,由同页原始JP2解码为PNG；4055×3109像素保持不变，无裁切、无缩放，便于浏览器及数字人文前端使用。,扫描页30；印刷页88,,,该作品相关整页影像 1/1；与同页archival-original记录像素一一对应。；该作品相关整页影像 1/2；与同页archival-original记录像素一一对应。
available,work-jiaxiu-inscription-15-huang-zhaizhong,步鄂文端登甲秀楼原韵,黄宅中,source-guizhou-tongzhi-jinshi-v152-1948,《贵州通志》卷一百五十二《金石志四》,facsimiles/qing_stones/gztz_v152_scan-030_print-088_master.jp2,30,88,archival-original,JP2,4055,3109,252265,68d2f96e82581dd73f1e8d13b1d3f1a44abf5391568e799a7066f8a0feca7f5b,pypdf-direct-JPX-stream-extraction,PDF内嵌JPXDecode码流逐字节抽取；未解码、未重编码、未缩放，保持源文件的原始档案质量。,扫描页30；印刷页88,,,该作品相关整页影像 1/1；1948年《贵州通志》卷一百五十二《金石志四》。；该作品相关整页影像 1/1；1948年《贵州通志》卷一百五十二《金石志四》。
available,work-jiaxiu-inscription-16-he-guanying,步鄂文端登甲秀楼原韵,何冠英,source-guizhou-tongzhi-jinshi-v152-1948,《贵州通志》卷一百五十二《金石志四》,facsimiles/qing_stones/gztz_v152_scan-030_print-088_master.jp2,30,88,archival-original,JP2,4055,3109,252265,68d2f96e82581dd73f1e8d13b1d3f1a44abf5391568e799a7066f8a0feca7f5b,pypdf-direct-JPX-stream-extraction,PDF内嵌JPXDecode码流逐字节抽取；未解码、未重编码、未缩放，保持源文件的原始档案质量。,扫描页30；印刷页88,,,该作品相关整页影像 1/1；1948年《贵州通志》卷一百五十二《金石志四》。；该作品相关整页影像 1/1；1948年《贵州通志》卷一百五十二《金石志四》。
available,work-jiaxiu-inscription-17-kong-qinghu,步鄂文端登甲秀楼原韵,孔庆瑚,source-guizhou-tongzhi-jinshi-v152-1948,《贵州通志》卷一百五十二《金石志四》,facsimiles/qing_stones/gztz_v152_scan-030_print-088_master.jp2,30,88,archival-original,JP2,4055,3109,252265,68d2f96e82581dd73f1e8d13b1d3f1a44abf5391568e799a7066f8a0feca7f5b,pypdf-direct-JPX-stream-extraction,PDF内嵌JPXDecode码流逐字节抽取；未解码、未重编码、未缩放，保持源文件的原始档案质量。,扫描页30；印刷页88,,,该作品相关整页影像 1/1；1948年《贵州通志》卷一百五十二《金石志四》。；该作品相关整页影像 1/2；1948年《贵州通志》卷一百五十二《金石志四》。
available,work-jiaxiu-inscription-17-kong-qinghu,步鄂文端登甲秀楼原韵,孔庆瑚,source-guizhou-tongzhi-jinshi-v152-1948,《贵州通志》卷一百五十二《金石志四》,facsimiles/qing_stones/gztz_v152_scan-031_print-089.png,31,89,access-copy-lossless,PNG,4055,3109,8353153,c573ece8edc61e3cb68d68e0de95ddd64cd1599654e1370a1d119218fcc2a496,lossless-PNG-decode-from-embedded-JPX,由同页原始JP2解码为PNG；4055×3109像素保持不变，无裁切、无缩放，便于浏览器及数字人文前端使用。,扫描页31；印刷页89,,,该作品相关整页影像 2/2；与同页archival-original记录像素一一对应。；该作品相关整页影像 2/2；与同页archival-original记录像素一一对应。
available,work-jiaxiu-inscription-17-kong-qinghu,步鄂文端登甲秀楼原韵,孔庆瑚,source-guizhou-tongzhi-jinshi-v152-1948,《贵州通志》卷一百五十二《金石志四》,facsimiles/qing_stones/gztz_v152_scan-031_print-089_master.jp2,31,89,archival-original,JP2,4055,3109,252275,3cd155936813b0617b8bd34c4cdafc70e074ad43178b60b706a782adbb01cfa2,pypdf-direct-JPX-stream-extraction,PDF内嵌JPXDecode码流逐字节抽取；未解码、未重编码、未缩放，保持源文件的原始档案质量。,扫描页31；印刷页89,,,该作品相关整页影像 2/2；1948年《贵州通志》卷一百五十二《金石志四》。；该作品相关整页影像 2/2；1948年《贵州通志》卷一百五十二《金石志四》。
available,work-xue-shaoming-qiandianchuan-jiaxiu,黔滇川旅行记（甲秀楼相关节选）,薛绍铭（号薛子中）,source-qiandianchuan-travel-1940,黔滇川旅行记（第三版）,facsimiles/republic/source-qiandianchuan-travel-1940/page-033.png,33,19,access-copy-lossless,PNG,1337,2074,456587,3e81ea70b6074457284d79cb897f632a75c48f91b9f754cbea0f67e9c9c7a2e1,poppler-native-canvas-lossless-PNG-render,1940年第三版PDF页面由JBIG2文字层与JPX图像层组合，无法作为单一原始位图逐字节抽取；故按文字层原生画布1337×2074合成为无损PNG，未上采样。,扫描页33；印刷页19,,,印本第19页最右栏含‘城东南隅之甲秀楼，飞阁抱翠，风光清秀’。已按原尺寸视觉核验。；印本第19页最右栏含‘城东南隅之甲秀楼，飞阁抱翠，风光清秀’。已按原尺寸视觉核验。
available,work-lu-qian-jiaxiu-chongyang-1941,九日登甲秀楼同仲虞作,卢前（字冀野）,source-jiye-xuanji-1947,冀野选集,facsimiles/republic/source-jiye-xuanji-1947/page-082.png,82,76,access-copy-lossless,PNG,1440,2080,94424,a8a47b99f2885170572595830d90824a24e6c89288331a8f90f85332c0f67d24,pypdf-lossless-XObject-to-PNG,从1947年《冀野选集》PDF第82扫描页的单一Flate图像对象解码为PNG；像素保持1440×2080，未缩放，PNG为无损访问副本。,扫描页82；印刷页76,,,完整收录《九日登甲秀楼同仲虞作》；页面右下可见印本页码七六。已按原尺寸视觉核验，文字清晰完整。；完整收录《九日登甲秀楼同仲虞作》；页面右下可见印本页码七六。已按原尺寸视觉核验，文字清晰完整。
unavailable,work-hong-liangji-jiuri-jiaxiu,九日偕富尚书纲、冯侍郎光熊重至甲秀楼登高,洪亮吉（字稚存）,src-shidian-hong,《九日偕富尚书纲、冯侍郎光熊重至甲秀楼登高》（识典古籍）,,,,,,,,,,,,,在停止下载前未完成对应 Commons 原印页的人工核验与最高质量交付页落盘。,2026-07-29,
unavailable,work-shu-wei-deng-jiaxiu-wen-luoye,登甲秀楼闻落叶,舒位（字立人）,src-shidian-shu,《瓶水斋诗集》卷七,,,,,,,,,,,,,在停止下载前未完成对应 Commons 原印页的人工核验与最高质量交付页落盘。,2026-07-29,
unavailable,work-mao-zhenxuan-guiyang-deng-jiaxiu,贵阳登甲秀楼,毛振翧,src-shidian-mao,《贵阳登甲秀楼》（识典古籍）,,,,,,,,,,,,,识典古籍有数字化文字见证，但在停止下载前未完成公开原印图像页的定位、核验与落盘。,2026-07-29,
unavailable,work-bei-qingqiao-chongdeng-jiaxiu,重登甲秀楼,贝青乔,src-shidian-bei,《重登甲秀楼》（识典古籍）,,,,,,,,,,,,,在停止下载前未完成对应 Commons 原印页的人工核验与最高质量交付页落盘。,2026-07-29,
unavailable,work-wang-shouren-nanan-ciyun,南庵次韵,王守仁（字伯安）,src-wenshi-jiaxiu-2025,甲秀楼的前世今生,,,,,,,,,,,,,当前见证仅为现代文史文章转录，未在本轮定位并核验原印本页。,2026-07-29,
unavailable,work-ma-tingxi-jishang,矶上,马廷锡,src-gzstv-yuji,南明河畔的栖云亭与渔矶书院,,,,,,,,,,,,,当前见证仅为现代地方文化文章转录，未在本轮定位并核验原印本页。,2026-07-29,
unavailable,work-jiang-dongzhi-jiaxiu-disputed,甲秀楼,江东之（字长信）,src-kekeshici-jiang,山水名胜诗之《甲秀楼》,,,,,,,,,,,,,作品归属有争议，当前仅有现代网页转录，未发现可核验的明清原印本底本。,2026-07-29,
unavailable,work-ma-wenqing-jianggongdi-beiji,江公堤碑记,马文卿（字瑞符）,src-ruiyang-v9,《瑞阳阿集》卷九,,,,,,,,,,,,,虽已定位题名附近的低清探测页，但在停止下载前未完成全文页界核验及最高质量交付页落盘，故不收入 images。,2026-07-29,
unavailable,work-lu-ciyun-bietouji-laifengge-ji,鳖头矶来凤阁记,陆次云,src-gzstv-fenglai-2026,诗不可说丨甲秀风雨四百载，有凤来仪景象新,,,,,,,,,,,,,当前见证为现代文化考证文章所录全文，本轮未定位并核验《北墅绪言》原印本页。,2026-07-29,
unavailable,work-tian-wen-chongxiu-jiaxiu-beiji,重修甲秀楼碑记,田雯（字纶霞）,src-wikisource-gztz42,《贵州通志》（四库全书本）卷四十二,,,,,,,,,,,,,当前有历史方志文字转录，但在停止下载前未完成对应原印页的定位、核页与落盘。,2026-07-29,
unavailable,work-fuqing-jiazi-wuhouci-jiaxiu,甲子新正谒武侯祠,福庆（字兰泉）,source-lanquan-shigao-hy5275,《兰泉诗稿》卷二十一、卷二十二《黔阳集》,,,,,,,,,,,,,识典古籍匿名影像接口返回错误码31000；中国哲学书电子化计划对应哈佛燕京资源匿名访问仅开放前四页预览，目标页原稿影像需登录。本轮未能依法取得可交付的页507原图。,2026-07-30,已保存页码、文字层全文与馆藏资源映射；未以网页文字截图冒充稿本影像。
unavailable,work-fuqing-yichou-xinchun-jiaxiu,乙丑新春试笔咏甲秀楼,福庆（字兰泉）,source-lanquan-shigao-hy5275,《兰泉诗稿》卷二十一、卷二十二《黔阳集》,,,,,,,,,,,,,识典古籍匿名影像接口返回错误码31000；中国哲学书电子化计划对应哈佛燕京资源匿名访问仅开放前四页预览，目标页原稿影像需登录。本轮未能依法取得可交付的页525原图。,2026-07-30,已保存页码、文字层全文与馆藏资源映射；未以网页文字截图冒充稿本影像。
unavailable,work-fuqing-deng-jiaxiu-zaifu,登甲秀楼再赋,福庆（字兰泉）,source-lanquan-shigao-hy5275,《兰泉诗稿》卷二十一、卷二十二《黔阳集》,,,,,,,,,,,,,识典古籍匿名影像接口返回错误码31000；中国哲学书电子化计划对应哈佛燕京资源匿名访问仅开放前四页预览，目标页原稿影像需登录。本轮未能依法取得可交付的页526—527原图。,2026-07-30,已保存页码、文字层全文与馆藏资源映射；未以网页文字截图冒充稿本影像。
unavailable,work-fuqing-ci-yuting-jiaxiu-yun,次玉亭制府登甲秀楼韵,福庆（字兰泉）,source-lanquan-shigao-hy5275,《兰泉诗稿》卷二十一、卷二十二《黔阳集》,,,,,,,,,,,,,识典古籍匿名影像接口返回错误码31000；中国哲学书电子化计划对应哈佛燕京资源匿名访问仅开放前四页预览，目标页原稿影像需登录。本轮未能依法取得可交付的页548原图。,2026-07-30,已保存页码、文字层全文与馆藏资源映射；未以网页文字截图冒充稿本影像。
unavailable,work-wang-bingao-cuiweige-couplet,翠微阁联,汪炳璈（字仙谱）,src-gzstv-fenglai-2026,诗不可说丨甲秀风雨四百载，有凤来仪景象新,,,,,,,,,,,,,当前见证仅为现代文章转录，本轮未定位并核验清代联语原印本页。,2026-07-29,
unavailable,work-lv-xieshu-guiyang-zashi-jiaxiu,贵阳杂诗（甲秀楼高铁柱坚）,吕燮枢（字笥芸）,source-jijian-shixuchao-cadal11200536,《及见诗续钞》卷五,,,,,,,,,,,,,识典古籍匿名原页接口对目标页717返回错误码31000，未提供可直接下载的原始页图。本轮未能取得可交付的1893年原印影像。,2026-07-30,已保存卷次、篇题、页码、作者小传和文字层全文；未以网页截图冒充原印本影像。
unavailable,work-li-jiaji-jiaxiu-tiezhu-01,登甲秀楼观鄂公勒公先后纪功铁柱谒鄂文端祠用文端石刻诗均二首·其一,李嘉绩（字云生；凝叔）,source-daigengtang-cadal01032216,《代耕堂全集·江上草堂前稿》卷三《黔游草》,,,,,,,,,,,,,识典古籍匿名影像接口未提供目标页原图，中国哲学书电子化计划深层扫描页需登录；另见商业付费PDF而未绕过访问限制。本轮未能取得可交付的页135原印影像。,2026-07-30,已保存篇次、页码与文字层全文；未以网页截图或付费预览图冒充原印本影像。
unavailable,work-li-jiaji-jiaxiu-tiezhu-02,登甲秀楼观鄂公勒公先后纪功铁柱谒鄂文端祠用文端石刻诗均二首·其二,李嘉绩（字云生；凝叔）,source-daigengtang-cadal01032216,《代耕堂全集·江上草堂前稿》卷三《黔游草》,,,,,,,,,,,,,识典古籍匿名影像接口未提供目标页原图，中国哲学书电子化计划深层扫描页需登录；另见商业付费PDF而未绕过访问限制。本轮未能取得可交付的页135原印影像。,2026-07-30,已保存篇次、页码与文字层全文；未以网页截图或付费预览图冒充原印本影像。
unavailable,work-li-jiaji-wu-meisheng-02,贵阳昭吴眉生观察德溥感怀奉简二首·其二,李嘉绩（字云生；凝叔）,source-daigengtang-cadal01032216,《代耕堂全集·江上草堂前稿》卷三《黔游草》,,,,,,,,,,,,,识典古籍匿名影像接口未提供目标页原图，中国哲学书电子化计划深层扫描页需登录；另见商业付费PDF而未绕过访问限制。本轮未能取得可交付的页133—134原印影像。,2026-07-30,已保存篇次、页码与文字层全文；未以网页截图或付费预览图冒充原印本影像。
unavailable,work-xiang-yi-jiaxiu-couplet-1923,甲秀楼长联（删订本）,向义；刘蕴良（字玉山）,source-xiang-yi-liubeikan-1923,六碑龛贵山联语,,,,,,,,,,,,,未找到1923年贵阳文通书局《六碑龛贵山联语》的可公开下载原印本影像。现有材料只提供书目信息或现代转录，按任务规则未以网页截图或现代排印本冒充原印本。,2026-07-29,
