work_id,title,alternate_titles,genre,historical_period,era,date_original,year_start,year_end,date_certainty,first_publication_date,first_publication_year,relation_scope,authenticity_status,authors,author_roles,canonical_text,text_script,transcription_status,completeness,inscription_number,location_context,lineation_note,source_citations,source_urls,facsimile_count,facsimile_paths,notes
work-wang-shouren-nanan-ciyun,南庵次韵,,七言律诗,明,正德,约正德四年,1509,1509,approximate,,,nearby_prebuild,confirmed,王守仁（字伯安）,王守仁［author，confirmed］,"隔水樵渔亦几家，缘冈石路入溪斜。
松林晚映千峰雨，枫叶秋连万树霞。
渐觉形骸逃物外，未妨游乐在天涯。
频来不用劳僧榻，已借沙鸥一席沙。",简体整理,modern-secondary,complete,,甲秀楼修建前的南庵及南明河附近景观；不是甲秀楼题咏。,,甲秀楼的前世今生，王守仁南庵题咏段［modern-transcription］,https://www.sohu.com/a/955768281_121119015,0,,作为同一片区前史收入，便于回答‘最古早时期’；关系层级不可改作strict_jiaxiu。
work-ma-tingxi-jishang,矶上,,古体诗,明,嘉靖,嘉靖年间,1522,1566,period-range,,,nearby_prebuild,attributed,马廷锡,马廷锡［author，attributed］,"悠然坐矶石，尘虑忽以祛。
垂纶不设饵，渊鳞方跃于。
亦知君子心，在适不在色。
君不见，沙边鸥鸟解忘机，物类浮沉宜不殊。",简体整理,modern-secondary-uncertain,complete,,甲秀楼修建前、今甲秀楼附近渔矶湾；不是甲秀楼题咏。,,南明河畔的栖云亭与渔矶书院，马廷锡《矶上》段［modern-transcription］,https://www.gzstv.com/a/2734a6d7a8eb4114b4219d1e269a5ba1,0,,‘跃于’‘在色’等字疑有传抄或OCR问题，未据格律臆改。
work-jiang-dongzhi-aoji-fu,鳌矶赋有序,鰲磯賦有敘,赋并序,明,万历,万历二十六年戊戌前后,1598,1598,probable,,,site_origin,confirmed,江东之（字长信）,江东之［author，confirmed］,"耽瑞子游黔二稔，偶一日从直指应公憩钓矶，谒武侯祠，见城南河水清涟，舆梁亘跨，曰：‘美哉！水中不渟，民无鱼矣。’公曰：‘堤津未备，潴泽奚繇？障而防之，亦其事也。’相与鸠工，垒石拥阶，宛然鳌极。临流览胜，遂作斯赋。其词曰：
余承简命，言抚黔藩。襟楚泽，锁滇垣，包乌纳，面龙番。牂牁金筑，簇锜攒旛。尔乃命驾乎綦郭，饮马乎流泉，容与乎南明，凝盻乎富川。于以相厥攸宜，卜筑堤閈，俯察仰观，上虹下案，宛在水中，水无漫涣。乃进三老而问之曰：‘孰有当于此者乎？河水弥弥，宁能使逝者如斯？’三老对曰：‘仆闻成梁不易，防川则难。测而定之，有基无坏，民其永赖。然则君侯之所指也，毋亦务是乎？愿闻其概。’
余告之曰：‘是其源也，未穷其际。来自夷菁，达涪出定中，汇贯城。其涨也汤汤乎，若洪涛之浮拍而怒号奔激；其耗也涓涓乎，若清泠之赴坎而潺湲淅沥。易盈易涸，乍沉下浮，与汨俱没，与化俱流。远而环之，覆寥邈而绰约；迫而封之，见阻隘而抟輖。峻为之防，骤泛滥而虞决；低为之阖，时淋漉而逐彪。眷彼涵潭，就伊沙渚。方广得里，下高合宁。弱水中丘，南溟蹲屿。积而能去，散而还聚。颖峰天表，是曰署宾；为章云汉，秀卓城闉。左峦架笔，傍列贵人。衍清塘之寒漱兮，挹犀马之甘泉；吸三宝之灵液兮，贯明珠以缀连。绾北江之青柳，撷西池之白莲。带霁虹之腰玉兮，极南浦之萦漩。
于是我台杌控，我坻线纡。介在涯崖，安于覆盂。飞翬岧嶢，作镇鼎湖；象文昌与武曲，运经纬以昭宪。断鳌首以立极兮，卧长鲸之横堰；回狂澜于瑛碛兮，敞琅玕之叠巘；浮海屋之龙宫兮，讶蜃楼之非幻；步登瀛以出尘兮，共题名于塔雁。左瞻右睐，徙倚婆娑；俯濯清缨，反射纹波。滩声陵影，晨夕烟萝；若吟梁父，忽起渔歌。
伊惟幽人，漱流枕石，心远地偏，山青水碧，灌木丛阴，匿景逃籍，希躅严陵。垂纶自适，维九鼎以一丝兮，客星隐而名高；棹扁舟之去来兮，泛不系而逍遥；遗名利于烟水兮，委直钩于钓鳌。一水盈盈，对瞻古庙；锦宫森严，诸番并曜。怀美人于三顾兮，绻鱼水之遘奇；余心悦其尽瘁兮，鼎足成而运移；诞天威以擒纵兮，乌蛮震而靖夷；俨遗容于尸祝兮，据最胜之江湄。
嗟卧龙之蟠润，虽百世其可师。为龙为鱼，一潜一见；出处侔时，蠖屈虎变。既葆真而閟秀，斯人杰而地灵。荣光塞河，卿霭郁蒸。乘桃浪以游瀚海兮，渭熊飞而干城；挽天河以洗甲兵兮，腾八阵之遗英；歇兰若而夺琳珪兮，掞二表于承明；进可献而退可怀兮，忧则违而乐行。山之高而水之长兮，登斯台其含情。匪大夫作赋，勉尔荣名；髦士壮怀之磊落，惟先哲之是程。",简体整理,ocr-collated-not-character-perfect,complete,,鳌矶、筑堤、垒台建阁的同址初建文献；全文未出现‘甲秀楼’三字。,,《瑞阳阿集》卷五，卷五，卷五［base-text，底本］；《古今图书集成·方舆汇编·职方典》第1526卷，第1526卷，影印页78—79［parallel-witness］,https://www.shidianguji.com/zh/book/CADAL02064788/chapter/1lak3wsbmx6ba；https://zh.wikisource.org/wiki/欽定古今圖書集成/方輿彙編/職方典/第1526卷,5,facsimiles/early_ming_qing/src-ruiyang-v5/scan_p081.jpg；facsimiles/early_ming_qing/src-ruiyang-v5/scan_p082.jpg；facsimiles/early_ming_qing/src-ruiyang-v5/scan_p083.jpg；facsimiles/early_ming_qing/src-ruiyang-v5/scan_p084.jpg；facsimiles/early_ming_qing/src-ruiyang-v5/scan_p085.jpg,据《瑞阳阿集》文字层断句，异体及疑难字尚待逐字影印校勘；年份由任黔时间和集内纪年推定。
work-jiang-dongzhi-jiaxiu-disputed,甲秀楼,,七言律诗,明（传）,万历（传）,现代资料称万历二十六年，待考,1598,1598,disputed,,,strict_jiaxiu,disputed,江东之（字长信）,江东之［attributed-author，disputed］,"明河清浅水悠悠，新筑沙堤接远洲。
秀出三狮连凤翼，雄驱双骏踞鳌头。
渔郎矶曲桃花浪，丞相祠前巨壑舟。
此日临渊何所羡，擎天砥柱在中流。",简体,modern-secondary-unverified,complete,,题名直接指甲秀楼，但归属只有现代网页，未见明清古籍底本。,,山水名胜诗之《甲秀楼》，全文［modern-attribution］；《南明河的故事·赤子诗情咏南明》，明代无题咏论述［negative-evidence］,https://www.kekeshici.com/shicijianshang/ssms/123279.html；https://www.yuncunzhai.com/book/164512.jhtml,0,,《瑞阳阿集》全文检索未见题名及首句；地方文史研究反称未见明代甲秀楼题咏。不得据此断言为现存最早甲秀楼诗。
work-ma-wenqing-jianggongdi-beiji,江公堤碑记,,碑记,明,万历,万历三十四年,1606,1606,certain,,,site_origin,confirmed,马文卿（字瑞符）,马文卿［author，confirmed］,"尝读堪舆家言，谓山川之融结在天，而裁成在人。夫裁成之道，不过目力之巧、工力之具，乃至改天命、夺神功，斯谓尽其当然而不害其为自然者矣。自昔人之为其子若孙计者，靡不讲求其理，冀以钟灵启后。即稍稍小节之疵者，亦必裁其过、益其不及，使适于中，斯祖父无穷之心所由来长远矣。
吾黔会城之南襟带明河，至卧龙冈而稍跳，又其势倾泻而少潴蓄。裁成之法，自昔讲之，以役大费繁，任之者难其人。岁万历丙申，白下江公来抚吾黔，崇文饬武，龛暴剔蠹，靡不悉心筹画；暇则咨询闾阎利弊，次第兴除。如置赈田以备岁祲而祛籴谷之害，拓右文田以优寒士而免定番之支；贫民疾苦者惠药有局，贫妊露产者恤隐有局，冥沉无依者泽幽有田；以至县治之执持、县庠之创议、国乘之笔削，种种惠政所费不尠，俱载《遗爱坊记》中，兹不缕举。
越三年，形家告以筑堤障水之法，或惜其说之晚也。公进父老面询之，佥以畴昔之说对，即毅然任之，曰：‘天下事论其于民有益否耳，奚论其难易也。’爰捐饩搜赎，而财不取之公帑；募工给赀，而力不劳之军夫。甃石灌灰，跨江拥堤；堤之中垒台作奋鳌状，题曰‘鳌头矶’，周遭环以石壁，外复栏以柱础。台上建阁，中奉武曲文昌，巍然一奇睹也。公之惠不惟爱及吾民之身，且爱及后世无涯矣。秉钺宪臣，孜孜然若祖父之拊循其后人，而冀其骎骎盛于曩时。《诗》云：‘恺悌君子，民之父母。’惟公以之。
惜未落成，解组而去。是役也，费几二千金。公犹虑其无成，而于镇沅候代之日，续发五百金，贮府库以终其事，公之心愈殷殷矣。奈何督役者不体其心，于其行也侵渔怠玩，苟且塞责；而意见不同者或视为不急之务，遂尔中止。上则渗漏，下则溃决，其势将至于不可收拾，感公者徒怃心长叹耳。
乡荐绅许君崇德、刘君学易、薛君彦卿倡议，谓：‘公造福吾黔，不惜重费而兴此大役，功几九仞矣；吾侪倘靳一篑之覆，是祖父为其子孙深计远虑，殚力裨补，而为之子孙者坐视其倾圮而不为之所，毋乃不可乎？’诸大夫翕然是之，即以其事属之许君，而输钱谷助工者争先焉。君理江公余惠，而佐以募金，计费度材，调工覈役，皇皇然如经营其家而不以为劳，此何心哉？诚惜之也。
于未备者增之，续石桥五洞，宛如长虹驾汉矣；于未妥者更之，易楼阁三重，耸拔如华表捍门矣。回澜潴泽，束咽聚气，民其永赖乎！告成之日，荐绅相庆，谓礼有功于民则祀。公之功在黔者未可一二屈指，矧兹尤其不朽者，宜祀。请之当路，奉公于名宦祠，而尤专祀于堤阁，志不忘也。
当是时，公去黔盖八年所矣，岂有所要求迫勒而为之者？此可以观民心乎。昔苏长公守杭，筑万柳堤，利赖无穷，后人思之，名曰苏公堤。今江公之惠奚让于此？黔人亦名曰江公堤，其思同，故其名亦同耳。时部院郭公、直指金公乐观厥成，咸有惠施焉。诸大夫属予纪其事以诏来者，遂次其繇而记之。士民乐输、乡约效劳者，例得纪于碑阴云。
赐进士、巡按广东监察御史、前翰林院庶吉士、郡人马文卿撰。",简体整理,ocr-collated-not-character-perfect,complete,,甲秀楼同址初建、续桥、三重楼阁竣工的核心工程文献；全文未出现‘甲秀楼’名。,,《瑞阳阿集》卷九，卷九，卷九，约叶七至九［base-text，底本］,https://www.shidianguji.com/zh/book/CADAL02064788/chapter/1lak3x1pq1usn,0,,作品年代与1743见证刻本年代分开记录。
work-lu-ciyun-bietouji-laifengge-ji,鳖头矶来凤阁记,,游记,清,康熙,康熙年间，确年待考,1662,1689,approximate,,,strict_jiaxiu,confirmed,陆次云,陆次云［author，confirmed］,"阁压矶，矶压水，水环泻乎矶下，矶逆溯乎水上。乱石巉岩，与飞流相激，喧雷捲雪，高下参差。倚洪梁而望之，海幄起于琼宫，蜃楼出于蛟室矣。
阁之前，溪鱼潜跃，莫网莫纶。渔人乃载鸬鹚，放㺍獭，羽狡毛獧，此出彼没。纤鳞各散，巨尾互举，神鲤腾波，泼剌径去。相视笑乐，不觉竟夕。
而月轮东上，影入清波，绝底空明，螺蛤堪数。又似玉宇琼楼与水晶宫阙合为一境，而栖神物外也。
夫石鱼湖杯流耳，而次山矜得其遇；钴鉧潭坳塘耳，而子厚喜其勿湮。使见是矶，更不知如何喜跃，余可无以传之，与柳、元较胜乎？
是为记。",简体整理（保留部分异体）,source-transcription,complete,,来凤阁即甲秀楼历史改名阶段，题名直接对应同一建筑。,,诗不可说丨甲秀风雨四百载，有凤来仪景象新，陆次云《鳖头矶来凤阁记》段［full-text-transcription］,https://www.gzstv.com/a/6a915a3b02fe404da65de01b59b9ce22,0,,收入《北墅绪言》；确切作年未定。
work-tian-wen-chongxiu-jiaxiu-beiji,重修甲秀楼碑记,,碑记,清,康熙,康熙二十八年己巳,1689,1689,certain,,,strict_jiaxiu,confirmed,田雯（字纶霞）,田雯［author，confirmed］,甲秀楼者，江公东之之所从事也。越今百馀年矣，波涛汹涌之冲激，风雨雷霆之动荡，乌得完楼哉？盖江公而后无复喜从事者。何今之人不逮前人也？江公当日知楼之有关于黔而皇皇为之，且有关于黔之人才风气而以甲秀名之，其用意深矣。假使江公之后，或数年而一人焉，或三五十年而又一人焉，而不听乎波涛汹涌、风雨雷霆之交于楼也，楼虽不完，亦不若今日之甚矣。无如江公而后遂成绝响，落落百馀年，无复喜从事者，斯亦楼之不幸也。使人而皆喜从事，则天下何足治，不独一楼然矣。后之君子常有所不屑则躁，否则惰；躁则妄，惰则废。既妄且废，则天下之所以不治者常出于此而不足怪。呜呼，此苏子瞻之所以致叹于驿馆欤！夫事之始也有创之者，事之终也有成之者。当夫创者既往、成者未来，欲存欲亡、可断可续之际，有人焉存一线以待来兹，其人不可少，其功最大。如经学与理学相表里也。理学成于宋儒，韪矣；然言诚、言敬、言礼、言格物致知、正心诚意，莫不本于经学。苟于嬴氏灰烬之馀，非得汉儒诸人经各有注、传各有释，火尽薪传以闻于后世，宋儒欲直接洙泗之渊源，讵可得乎？盖前事者后事之藉，而绝续之交不可无其人也。嗟哉，此楼也！江公之后有人焉，今则事半而功倍也；惜江公之后无人焉，今则事倍而功半也。大抵泄泄焉无复喜从事者，吾虑黔之终无此楼也。于是鸠工集材而新之，度木于林，伐石于山，计瓦甓墁钉于匠。兴工于己巳之二月，凡百五十日而成立于鱼矶烟水之上，跨乎长桥垂虹之间，可以为黔人之美观焉。虽事倍功半，远不逮江公之所为，亦可以无遗憾矣。然而人才风气之所关，其在斯乎？今日者风气日挽，人才辈出，甲乙科名之盛，又于黔士之文章卜之，不尽系乎楼之完不完也。余将以告夫后之喜从事者。是为记。,简体整理,historical-source-transcription,complete,,康熙二十八年重修甲秀楼碑记，正文明确‘以甲秀名之’。,,《贵州通志》（四库全书本）卷四十二，卷四十二，卷四十二《重修甲秀楼碑记》［base-text，底本］,https://zh.wikisource.org/wiki/貴州通志_(四庫全書本)/卷42,0,,标点为本次整理；用字据维基文库转录规范化，严格字形研究须回查四库影印。
work-jiaxiu-inscription-01-eertai,甲秀楼,,七言绝句二首,清,雍正,雍正中,1723,1735,approximate,,,strict_jiaxiu,confirmed,鄂尔泰,鄂尔泰［author，confirmed］,"鳌矶湾下柳毵毵，芳杜洲前小驻骖。更上层楼瞰流水，虹桥风景似江南。
炊烟卓午散轻丝，十万人家饭熟时。问讯何年招济火，斜阳满树武乡祠。",简体（底本繁体转写）,facsimile-checked,complete,一,甲秀楼石刻,两首七言绝句分行录入。,《贵州通志》卷一百五十二《金石志四》，卷一百五十二，影印PDF图像约第466页；分目“甲秀楼石刻一”［base-text，底本］,https://upload.wikimedia.org/wikipedia/commons/9/9a/NLC403-311998003695-160096_%E8%B2%B4%E5%B7%9E%E9%80%9A%E5%BF%97_%E6%B0%91%E5%9C%8B37%E5%B9%B4%281948%29_%E5%8D%B7%E4%B8%80%E7%99%BE%E4%BA%94%E5%8D%81%E4%BA%8C.pdf,2,facsimiles/qing_stones/gztz_v152_scan-008_print-066.png；facsimiles/qing_stones/gztz_v152_scan-008_print-066_master.jp2,首句底本影印作“鳌矶湾下”；不从后世转录“鳌矶溪下”。
work-jiaxiu-inscription-02-zou-yigui,戊午登甲秀楼送阮主试即依赠韵,,七言律诗二首,清,乾隆,戊午（底本分目旁又标乾隆元年）,1738,1738,conflicted,,,strict_jiaxiu,confirmed,邹一桂,邹一桂［author，confirmed］,"休夸辟棘自唐蒙，圣代车书作僰通。
陶径娱宾聊暇日，庾楼成唱续高风。
卷帘花色三秋候，凭槛霞光万岭中。
试跨双虹看题柱，衮衣今日正思公。
朗照如君真月鉴，余波赠我亦天神。
偶于黔地歌三叠，并想燕台少一人。
薄宦自怜增白首，乱山犹喜隔红尘。
回瞻帝阙无多别，遥约梅花绽早春。",简体（底本繁体转写）,facsimile-checked,complete,二,甲秀楼石刻,两首七言律诗连续录入。,《贵州通志》卷一百五十二《金石志四》，卷一百五十二，影印PDF图像约第467页；分目“甲秀楼石刻二”［base-text，底本］,https://upload.wikimedia.org/wikipedia/commons/9/9a/NLC403-311998003695-160096_%E8%B2%B4%E5%B7%9E%E9%80%9A%E5%BF%97_%E6%B0%91%E5%9C%8B37%E5%B9%B4%281948%29_%E5%8D%B7%E4%B8%80%E7%99%BE%E4%BA%94%E5%8D%81%E4%BA%8C.pdf,2,facsimiles/qing_stones/gztz_v152_scan-009_print-067.png；facsimiles/qing_stones/gztz_v152_scan-009_print-067_master.jp2,题中戊午换算为乾隆三年（1738），与分目标“乾隆元年”（1736）冲突。首联末字影印辨作“僰通”，不从二手OCR“粤通”。
work-jiaxiu-inscription-03-wu-dashan,壬午仲春登甲秀楼,,七言绝句,清,乾隆,乾隆二十七年壬午,1762,1762,certain,,,strict_jiaxiu,confirmed,吴达善,吴达善［author，confirmed］,为寻胜地一登楼，百面云山尽入眸。多少春光题不出，柳烟轻宕小桥头。,简体（底本繁体转写）,facsimile-checked,complete,三,甲秀楼石刻,,《贵州通志》卷一百五十二《金石志四》，卷一百五十二，影印PDF图像约第470页；印刷页71［base-text，底本］,https://upload.wikimedia.org/wikipedia/commons/9/9a/NLC403-311998003695-160096_%E8%B2%B4%E5%B7%9E%E9%80%9A%E5%BF%97_%E6%B0%91%E5%9C%8B37%E5%B9%B4%281948%29_%E5%8D%B7%E4%B8%80%E7%99%BE%E4%BA%94%E5%8D%81%E4%BA%8C.pdf,2,facsimiles/qing_stones/gztz_v152_scan-013_print-071.png；facsimiles/qing_stones/gztz_v152_scan-013_print-071_master.jp2,第二句底本作“百面云山”，不从通行转录“四面云山”。
work-jiaxiu-inscription-04-liu-zao,题甲秀楼和吴雨民制军韵,,七言绝句二首,清,乾隆,乾隆二十八年,1763,1763,certain,,,strict_jiaxiu,confirmed,刘藻,刘藻［author，confirmed］,"峥嵘杰构俯鳌头，山自弯环水自流。四面天风人境外，偏宜啸咏在斯楼。
霜花寥落不禁秋，雨后亭台事事幽。何日登楼穷远目，满城秋色已全收。",简体（底本繁体转写）,facsimile-checked,complete,四,甲秀楼石刻,两首七言绝句分行录入。,《贵州通志》卷一百五十二《金石志四》，卷一百五十二，影印PDF图像约第470页；印刷页71［base-text，底本］,https://upload.wikimedia.org/wikipedia/commons/9/9a/NLC403-311998003695-160096_%E8%B2%B4%E5%B7%9E%E9%80%9A%E5%BF%97_%E6%B0%91%E5%9C%8B37%E5%B9%B4%281948%29_%E5%8D%B7%E4%B8%80%E7%99%BE%E4%BA%94%E5%8D%81%E4%BA%8C.pdf,2,facsimiles/qing_stones/gztz_v152_scan-013_print-071.png；facsimiles/qing_stones/gztz_v152_scan-013_print-071_master.jp2,底本作“弯环”“偏宜”，不从后世转录“湾环”“偏有”。
work-jiaxiu-inscription-06-zheng-dajin,登甲秀楼,,五言古诗,清,乾隆,丙申春三月（乾隆四十一年）,1776,1776,certain,,,strict_jiaxiu,confirmed,郑大进,郑大进［author，confirmed］,"丙申春三月，岁旱破怒雷。古者书云物，望气尝登台。
黔蛮夙反覆，犹余万劫灰。大化涵濡久，日月并昭回。
葱葱还郁郁，佳气东西来。鳌矶拔地起，跨江阊阖开。
群山相映发，万壑纷追陪。其下蛟龙宅，明月弄珠聒。
芳洲有杜若，相将毓陈荄。虹饮饥且渴，蜿蜒雨风催。
我纵千里眼，游心骋八垓。遐迩但一气，俯视如浮埃。
蜃楼与海市，顷刻生疑猜。清空遽若洗，身疑在蓬莱。
昔过洞庭湖，仙圣景逸才。岳阳亦新构，题名楚云隈。
波澜仍壮阔，南明水潆洄。",简体（底本繁体转写）,facsimile-checked-with-doubtful-glyphs,complete,六,甲秀楼石刻,,《贵州通志》卷一百五十二《金石志四》，卷一百五十二，影印PDF图像约第471—472页；印刷页72［base-text，底本］,https://upload.wikimedia.org/wikipedia/commons/9/9a/NLC403-311998003695-160096_%E8%B2%B4%E5%B7%9E%E9%80%9A%E5%BF%97_%E6%B0%91%E5%9C%8B37%E5%B9%B4%281948%29_%E5%8D%B7%E4%B8%80%E7%99%BE%E4%BA%94%E5%8D%81%E4%BA%8C.pdf,4,facsimiles/qing_stones/gztz_v152_scan-014_print-072.png；facsimiles/qing_stones/gztz_v152_scan-014_print-072_master.jp2；facsimiles/qing_stones/gztz_v152_scan-015_print-073.png；facsimiles/qing_stones/gztz_v152_scan-015_print-073_master.jp2,“明月弄珠聒”“相将毓陈荄”从当前影印辨读，字义较僻，宜在获得更清晰原图后再校。
work-pei-zongxi-rebuild-jiaxiu-stele,重修甲秀楼碑记,,碑记,清,乾隆,乾隆四十一年,1776,1776,certain,,,strict_jiaxiu,confirmed,裴宗锡,裴宗锡［author，confirmed］,会城之南有桥蜿蜒跨南明河，一楼巍然踞鳌矶之上，颜曰甲秀。明都御史江公东之所创始，而我朝德水田山疆先生踵而修之者也。康熙壬寅，先大夫开藩于黔，予髫龄随侍，于焉嬉娱，山川林泉之胜，时时在心目间。昨年调抚是邦，重过其地，虽风景不殊，而波涛震撼，风雨剥蚀，楼已朽不可复登矣。盖距田先生修筑之年又八十余载。且昔年规制过陋，非若岳阳黄鹤楼之华瞻堪垂久远也。楼之前除立一铁柱，高丈许，则雍正七年，西林相国鄂公平定苗疆，将吏聚所收兵器，镕而铸之，以铭其功。此余童时所未见者。视昔人铜柱之标，洵足后先辉映。然字亦陋，词复简率，惜当时无以班椽之笔扬厉。余惟黔处荒服，山谷限深，草木阴翳，朝岚夕雾，否塞晦蒙，居是邦者，必有高明闿爽之所，豁达旷荡之观，而后能遐思远瞩，为人民察幽隐，为地方讲利弊，不仅如前人有关风水之说也。然即以风水论，公刘之诗曰：“相其阴阳，观其流泉。”定之方中曰：“望楚与堂，景山与京。”盖古之立国者，未尝不笃信而精求之，故曰有斯楼。而黔之人才辈出，风气日开，衣冠文物之盛，埒于侯甸。矧复师武奋扬，扫除顽梗，历有丰功伟绩，照耀其间，则斯楼之所系，不其重哉！爰与司道诸君商改建而焕新之，并于楼之中央北麓构二亭，翼以扶栏，树以坊表，仍铁柱之旧，加以彩饰，以昭壮丽。庶几登是楼者睪然高望，有湖山千里之思，而邦人士步屦相从，髣髴沂水春风之趣，于以养德性而蓄经纶，殆亦不无小助。宁独余追忆钓游，瞻怀棠阴，增白云之慨慕已耶？乾隆四十一年立。,简体（底本繁体转写，个别古体字保留）,facsimile-checked,complete,,《贵州通志》列于甲秀楼石刻四、五之间，未另编石刻号,碑记连续录入。,《贵州通志》卷一百五十二《金石志四》，卷一百五十二，影印PDF图像约第470—471页；印刷页71—72；列于石刻四、五之间［base-text，底本］,https://upload.wikimedia.org/wikipedia/commons/9/9a/NLC403-311998003695-160096_%E8%B2%B4%E5%B7%9E%E9%80%9A%E5%BF%97_%E6%B0%91%E5%9C%8B37%E5%B9%B4%281948%29_%E5%8D%B7%E4%B8%80%E7%99%BE%E4%BA%94%E5%8D%81%E4%BA%8C.pdf,4,facsimiles/qing_stones/gztz_v152_scan-013_print-071.png；facsimiles/qing_stones/gztz_v152_scan-013_print-071_master.jp2；facsimiles/qing_stones/gztz_v152_scan-014_print-072.png；facsimiles/qing_stones/gztz_v152_scan-014_print-072_master.jp2,文内称铁柱铸于“雍正七年”，与壬子（雍正十年，1732）及石刻十一材料冲突；原文照录并保留年代冲突说明。
work-jiaxiu-inscription-05-pei-zongxi,题甲秀楼,,七言律诗,清,乾隆,乾隆四十一年,1776,1776,certain,,,strict_jiaxiu,confirmed,裴宗锡,裴宗锡［author，confirmed］,"山回水抱一楼空，畲火村烟四望中。铜鼓不惊椎髻梦，芦笙早革桶裙风。
题铭有柱追芳烈，布德何修答屡丰。五十年前重俯仰，班衣竹马逐儿童。",简体（底本繁体转写）,facsimile-checked,complete,五,甲秀楼石刻,,《贵州通志》卷一百五十二《金石志四》，卷一百五十二，影印PDF图像约第471页；印刷页72［base-text，底本］,https://upload.wikimedia.org/wikipedia/commons/9/9a/NLC403-311998003695-160096_%E8%B2%B4%E5%B7%9E%E9%80%9A%E5%BF%97_%E6%B0%91%E5%9C%8B37%E5%B9%B4%281948%29_%E5%8D%B7%E4%B8%80%E7%99%BE%E4%BA%94%E5%8D%81%E4%BA%8C.pdf,2,facsimiles/qing_stones/gztz_v152_scan-014_print-072.png；facsimiles/qing_stones/gztz_v152_scan-014_print-072_master.jp2,末句底本作“班衣”，不从通行本“斑衣”；“畲火”从底本。
work-jiaxiu-inscription-07-huang-tengda-et-al,登城南甲秀楼联句并跋,,五言排律联句并跋,清,乾隆,乾隆己亥,1779,1779,certain,,,strict_jiaxiu,confirmed,黄腾达（号斗槎）；周书愚；野溪（姓名待考）；萧省斋；鲁伯墀；张平斋；孙松亭；毛果亭；德懋,黄腾达［co-author-and-postscript-author，confirmed］；周书愚［co-author，confirmed］；野溪（姓名待考）［co-author，probable］；萧省斋［co-author，probable］；鲁伯墀［co-author，probable］；张平斋［co-author，probable］；孙松亭［co-author，probable］；毛果亭［co-author，probable］；德懋［possible-co-author，tentative］,"黔南山水窟，咫尺惬登临。
入座皆仙侣，征歌况妙音。
危楼宜远瞩，胜地畅清吟。
八斗才名盛，千秋雅化深。
论文惭绛帐，爱客重华簪。
星使光岩壑，骚坛振古今。
求贤方汲汲，造士益骎骎。
撤棘重阳节，开筵祇树林。
飞觞频惜别，秉烛好题襟。
佳会人难继，高风世所钦。
新诗裁白雪，古谊薄黄金。
幽赏欢无极，雄谈兴不禁。
潺湲回涧曲，窈窕俯城阴。
鹿苑逢场戏，鳌峰跨背寻。
露香凝野菊，月色度遥岑。
法界钟声急，空庭暮气沉。
一帆随雁影，回首动离心。

乾隆己亥岁，举恩科盛典，余与周书愚典试黔中，时则野溪世叔观察兹土，主持风雅，作养人文，士气翕然。适以监司为提调，风清霜肃，俾得鉴拔真材。撤棘后饮饯于城南山寺，得畅游甲秀楼诸胜，环山带水，心目顿开，觞咏笙歌，极一时韵事。酒间复联五字长律一章，至月上犹酣饮于烟岚夕露中，几令人不忍言别。同席者则学使萧省斋、编修院长鲁伯墀、侍御、都匀太守张平斋、松桃司马孙松亭、贵筑明府毛果亭，皆与野溪先生有师门之谊，讵非遐方雅会耶？匆匆书此，以纪其盛。斗槎黄腾达跋。",简体（底本繁体转写）,provisional-facsimile-transcription,complete,七,甲秀楼石刻,诗与跋合录；底本逐联小字署名尚未可靠拆分到每一联。,《贵州通志》卷一百五十二《金石志四》，卷一百五十二，影印PDF图像约第473页；印刷页73［base-text，底本］,https://upload.wikimedia.org/wikipedia/commons/9/9a/NLC403-311998003695-160096_%E8%B2%B4%E5%B7%9E%E9%80%9A%E5%BF%97_%E6%B0%91%E5%9C%8B37%E5%B9%B4%281948%29_%E5%8D%B7%E4%B8%80%E7%99%BE%E4%BA%94%E5%8D%81%E4%BA%8C.pdf,4,facsimiles/qing_stones/gztz_v152_scan-015_print-073.png；facsimiles/qing_stones/gztz_v152_scan-015_print-073_master.jp2；facsimiles/qing_stones/gztz_v152_scan-016_print-074.png；facsimiles/qing_stones/gztz_v152_scan-016_print-074_master.jp2,参与者据跋文及诗旁署名建立；“祇树林”等僻语、人物衔名及疑似署名“德懋”仍需复核。
work-jiaxiu-inscription-08-wu-shouchang,题甲秀楼,,五言排律,清,乾隆,乾隆五十二年,1787,1787,certain,,,strict_jiaxiu,confirmed,吴寿昌,吴寿昌［author，confirmed］,"卓绝城南界，凌虚结构牢。双虹开洞壑，十笏镇波涛。
似塔层层现，非亭面面遭。洲唇引芳杜，矶背压灵鳌。
列嶂铜钲扣，环流玉带操。秀兼三岛胜，雄擅百蛮豪。
画栋云多荫，苔阶雨剩膏。冰心窥牖迥，天半上梯高。
警铎风檐语，铿鲸月杵号。鸽栖无怖性，鹰下有奇毛。
兹景判同赏，何人耐独遨。行随桥宛转，目击树萧骚。
祠宇寻黄石，花宫礼白毫。碑残辨灰劫，柱壮纪弓櫜。
过客纷□，群公枉节旄。深宵会弄笛，佳日或题糕。
地僻增山静，心清隔市嚣。倚栏红隐隐，听涧碧滔滔。
瞻眺难忘倦，登临不惮劳。霄寒暮阴合，雪意在林皋。",简体（底本繁体转写）,facsimile-checked-with-gap,fragment,八,甲秀楼石刻,,《贵州通志》卷一百五十二《金石志四》，卷一百五十二，影印PDF图像约第474页；印刷页74—75［base-text，底本］,https://upload.wikimedia.org/wikipedia/commons/9/9a/NLC403-311998003695-160096_%E8%B2%B4%E5%B7%9E%E9%80%9A%E5%BF%97_%E6%B0%91%E5%9C%8B37%E5%B9%B4%281948%29_%E5%8D%B7%E4%B8%80%E7%99%BE%E4%BA%94%E5%8D%81%E4%BA%8C.pdf,4,facsimiles/qing_stones/gztz_v152_scan-016_print-074.png；facsimiles/qing_stones/gztz_v152_scan-016_print-074_master.jp2；facsimiles/qing_stones/gztz_v152_scan-017_print-075.png；facsimiles/qing_stones/gztz_v152_scan-017_print-075_master.jp2,“过客纷□”末字无法可靠释读；保留缺字标记，不作臆补。“弓櫜”从底本。
work-jiaxiu-inscription-09-ai-mao,次文宗吴蓉塘先生韵,,五言排律,清,乾隆,乾隆己酉中夏,1789,1789,certain,,,strict_jiaxiu,confirmed,艾茂,艾茂［author，confirmed］,"回眺层霄逼，遐搜万象牢。倚天浮蜃气，拔地镇鲸涛。
牛斗惊身近，蓬瀛恍目遭。险将探月窟，冥欲钓沧鳌。
古筑标名胜，全黔出俊豪。双虹垂影丽，一柱耸形高。
泗磬清飘籁，岣碑润溢膏。绮余霞远散，舟纵棹闲操。
帘敞雕梁语，潮奔偃盖号。露浓滋桂叶，云淡现鹏毛。
烟雨留谁赏，乔松得伴遨。登临多物色，文雅涉风骚。
拓石研煤汁，题笺染兔毫。（旁注：集杜二句）
琴疏窗漏响，的破矢冲櫜。漫以青藜杖，聊为翠羽旄。
朋从随载酒，僧话或传糕。虚会神仙寂，幽离市井嚣。
韩、苏观浩浩，潘、陆并滔滔。顿悟源头活，何欲意绪劳。
即今吟咏处，佳趣满林皋。

乾隆己酉中夏书于贵山书院，七十老叟麻峡艾茂稿。",简体（底本繁体转写）,facsimile-checked-with-doubtful-glyphs,complete,九,甲秀楼石刻,诗后附尾款；“集杜二句”旁注保留在正文。,《贵州通志》卷一百五十二《金石志四》，卷一百五十二，影印PDF图像约第475页；印刷页75［base-text，底本］,https://upload.wikimedia.org/wikipedia/commons/9/9a/NLC403-311998003695-160096_%E8%B2%B4%E5%B7%9E%E9%80%9A%E5%BF%97_%E6%B0%91%E5%9C%8B37%E5%B9%B4%281948%29_%E5%8D%B7%E4%B8%80%E7%99%BE%E4%BA%94%E5%8D%81%E4%BA%8C.pdf,2,facsimiles/qing_stones/gztz_v152_scan-017_print-075.png；facsimiles/qing_stones/gztz_v152_scan-017_print-075_master.jp2,“烟雨”亦可能作“烟刚”，“何欲”亦可能作“何役”；当前从影印辨形录入。
work-jiaxiu-inscription-10-feng-guangxiong,和鄂太傅甲秀楼原韵,,七言绝句四首,清,乾隆,乾隆五十七年,1792,1792,source-conflict,,,strict_jiaxiu,confirmed,冯光熊,冯光熊［author，confirmed］,"溪桥岸柳旧□，曾记从戎挂晓骖。老我驰驱销白发，重寻铁柱到天南。
梨花落尽雨如丝，上相功成得句时。□德岂惟崇配食，山椒古木拜新祠。
沙头白鹭羽毛□，杜若香风引客骖。我仰芳踪非佞佛，莫教钟鼓礼和南。
禅榻茶烟飏鬓丝，青山合沓到门时。凭谁移取飞云胜，来傍千秋两相祠。",简体（底本繁体转写）,facsimile-checked-with-gaps,fragment,十,甲秀楼石刻,,《贵州通志》卷一百五十二《金石志四》，卷一百五十二，影印PDF图像约第475页；印刷页75［base-text，底本］,https://upload.wikimedia.org/wikipedia/commons/9/9a/NLC403-311998003695-160096_%E8%B2%B4%E5%B7%9E%E9%80%9A%E5%BF%97_%E6%B0%91%E5%9C%8B37%E5%B9%B4%281948%29_%E5%8D%B7%E4%B8%80%E7%99%BE%E4%BA%94%E5%8D%81%E4%BA%8C.pdf,2,facsimiles/qing_stones/gztz_v152_scan-017_print-075.png；facsimiles/qing_stones/gztz_v152_scan-017_print-075_master.jp2,至少三处无法可靠释字，保留□。底本分目标乾隆五十七年（1792）；另有资料作乾隆五十六年（1791），本记录以统一底本纪年为主并保留冲突说明。
work-jiaxiu-inscription-11a-chen-huai,和鄂文端公诗,和鄂文端公甲秀楼诗,七言绝句二首并跋,清,乾隆,乾隆五十七年岁次壬子,1792,1792,certain,,,strict_jiaxiu,confirmed,陈淮,陈淮［author，confirmed］,"溪云漠漠柳毵毵，闲向楼前一系骖。尚有老僧知往事，摩挲铁柱说征南。
八万军民等乱丝，铮铮铜鼓记当时。瓣香心事向谁说，一树杜鹃丞相祠。

右鄂文端公诗载省志，登临吟眺，尚想前徽，率和二章，并泐诸石。陈淮跋。",简体（底本繁体转写）,facsimile-checked,complete,十一A,甲秀楼石刻十一复合刻,和诗二首与短跋合录；题名据内容拟定。,《贵州通志》卷一百五十二《金石志四》，卷一百五十二，影印PDF图像约第475页；印刷页75；“甲秀楼石刻十一”首段［base-text，底本］,https://upload.wikimedia.org/wikipedia/commons/9/9a/NLC403-311998003695-160096_%E8%B2%B4%E5%B7%9E%E9%80%9A%E5%BF%97_%E6%B0%91%E5%9C%8B37%E5%B9%B4%281948%29_%E5%8D%B7%E4%B8%80%E7%99%BE%E4%BA%94%E5%8D%81%E4%BA%8C.pdf,2,facsimiles/qing_stones/gztz_v152_scan-017_print-075.png；facsimiles/qing_stones/gztz_v152_scan-017_print-075_master.jp2,《贵州通志》将本作、铁柱铭、纪功诗并序合列为“甲秀楼石刻十一”，数据库为检索拆分。
work-jiaxiu-inscription-11b-chen-huai,少保鄂公铁柱铭,,碑铭,清,乾隆,乾隆五十七年岁次壬子夏五月朔日,1792,1792,certain,,,strict_jiaxiu,confirmed,陈淮,陈淮［author，confirmed］,"黔中诸苗，即古西南夷也。种落繁盛，山川阻深，若古州之丹江、八寨、九股生苗，獷悍其性，荒忽无常。自汉世以来，未有能慑以声灵而附之版籍者。我朝雍正间，少保鄂公述职巡边，导扬圣武，运以神策，震伐鬼方。于是识广泗于牧守，拔元孙于行阵，智谋之士、技击之伦，粤西组练之军、巴蜀□悍之旅，筹笔一动，鼙鼓四分。公以德威惟畏、攻心为上，古州为□苗窟穴，八寨为古州咽喉，制其要命，宜从是始。生苗有众，无或失信；诸将士拱听方略，动如影响。戈矛林植，旌旗电舒，降于九天之上，藏于九地之下。八阵初勒，四校横徂，迥破交归，据窟城巢。甲些焚口，告游魂放命；五合六聚，莫不捧首乞命、刻木输诚。八寨既平，进兵丹江；师扬既胜之威，士鼓先登之气。纷帽毛而四起，□螳臂之犹张。我选锋诱其入伏：初败之乌叠寨，再败之蒙猛寨，三败之寇矛冈，复大败之鸡讲山。弃甲山齐，流膏等润，如风之扫箨，若火之燎原。清江以西，上下九股诸苗望风震慑，敢跳踉跟虫封诸葛之营，衣带都江之水；破竹迎刃，投鞭断流，遂来牝定。旦八、飞革、招等二百余寨，俘馘以千计，收械以万数；革薙禽狝，丧胆亡魂，远无不畏，迩无不肃。治其芜秽，劖蛮之穴，靡遗；适其水草，犬羊之性易扰。由是清戎索、定赋税、建城郭、通邮传，兵未灭平数旬，计已周于万世。依门剞木，岁奉输将；椎髻帷襦，日拜门阙。威与九秋并肃，惠与八风俱翔。虽民动如烟，事或时有，而我静若镜，风无不行。盖抚以士德，绥用中兴；欢虞熙皞，治不易民，苗獠獞猺，人非异类也。古州诸苗既平，都人士销旋师所获兵械，铸铁柱一，植之城南。于时岁在元默困敦，公述职入京。□谋之士、技击之伦□。及公薨逝，赠太保，谥文端，俎豆报功，于兹六十余年。黔之人士，无不捧首乞命，□其遗烈。今抚黔陈淮追惟前徽，式铭磐石。其辞曰：
铄王师，四荒静。销锋刃，曜光景。苗顽格，罔不靖。万斯年，奠参井。
乾隆五十七年岁次壬子夏五月朔日勒石。",简体（底本繁体转写，部分族名保留原字）,provisional-diplomatic-facsimile-transcription,fragment,十一B,甲秀楼石刻十一复合刻；纪功铁柱相关,长篇铭文与结铭合录；□为不能可靠释定的底本文字。,《贵州通志》卷一百五十二《金石志四》，卷一百五十二，影印PDF图像约第475—476页；印刷页75—76；“甲秀楼石刻十一”中段［base-text，底本］,https://upload.wikimedia.org/wikipedia/commons/9/9a/NLC403-311998003695-160096_%E8%B2%B4%E5%B7%9E%E9%80%9A%E5%BF%97_%E6%B0%91%E5%9C%8B37%E5%B9%B4%281948%29_%E5%8D%B7%E4%B8%80%E7%99%BE%E4%BA%94%E5%8D%81%E4%BA%8C.pdf,4,facsimiles/qing_stones/gztz_v152_scan-017_print-075.png；facsimiles/qing_stones/gztz_v152_scan-017_print-075_master.jp2；facsimiles/qing_stones/gztz_v152_scan-018_print-076.png；facsimiles/qing_stones/gztz_v152_scan-018_print-076_master.jp2,正文跨印刷页75—76，字密且多军政、苗疆词。本条为外交式试录，不能标作无疑全文；“元默困敦”为壬子岁名，与1732年相合。
work-jiaxiu-inscription-11c-chen-huai,纪功铁柱诗并序,,五言排律并序,清,乾隆,乾隆壬子五月五日,1792,1792,certain,,,strict_jiaxiu,confirmed,陈淮,陈淮［author，confirmed］,"雍正七年，岁在壬子，丹江、古州、八寨、九股诸苗悉平。黔中人士销平苗所获兵械，铸铁柱一，纪少保鄂公之功，屹立城南甲秀楼下，迩来六十一年矣。顷予奉命来抚是邦，暇日登临，追维盛烈，不胜岘首之思，谨赋是章，以志向往。时乾隆壬子五月五日。

王化周无外，神功格有苗。相臣持虎节，命将度龙标。
聚米筹兹土，挥鞭扑此獠。沿江依灌莽，环寨恃岧峣。
蠢尔应潜伏，嚣然敢蹻跳。乍闻传号箭，遽已断绳桥。
挺鹿偏能走，奔蜂莫漫撩。趋风听坎鼓，陷阵截离徭。
争险晨严队，连营夜击刁。贼当天灶绝，我用地雷烧。
官渡靡轮折，昆阳震瓦飘。一时齐案角，百战缚妖腰。
次第清疆索，从容出教条。输诚纳撞布，歌德奏排箫。
民气淳当复，皇威凛匪遥。羽干咸颂舜，耕凿共安尧。
瘴水雕戈洗，蛮烟玉烛调。鸣笳纷载道，列帜拥回镳。
囊底纡余策，樽前授下僚。铸铜思马援，刻石拟班超。
冶跃金流液，炉红火彻宵。质词当纪载，骈字备风谣。
表烈同钟鼎，铭勋倚斗杓。日高光赫煜，云覆影招摇。
游瞩经兰若，逡巡对丽谯。承平惭叱驭，荒度缅乘撬。
数仞临芳甸，千秋峙绛霄。摩挲剔苔藓，吟讽协咸韶。",简体（底本繁体转写）,facsimile-checked-with-doubtful-glyphs,complete,十一C,甲秀楼石刻十一复合刻；纪功铁柱相关,序与五言排律合录。,《贵州通志》卷一百五十二《金石志四》，卷一百五十二，影印PDF图像约第475—476页；印刷页75—76；“甲秀楼石刻十一”末段［base-text，底本］,https://upload.wikimedia.org/wikipedia/commons/9/9a/NLC403-311998003695-160096_%E8%B2%B4%E5%B7%9E%E9%80%9A%E5%BF%97_%E6%B0%91%E5%9C%8B37%E5%B9%B4%281948%29_%E5%8D%B7%E4%B8%80%E7%99%BE%E4%BA%94%E5%8D%81%E4%BA%8C.pdf,2,facsimiles/qing_stones/gztz_v152_scan-018_print-076.png；facsimiles/qing_stones/gztz_v152_scan-018_print-076_master.jp2,序首底本作“雍正七年，岁在壬子”，自身矛盾：雍正七年为己酉（1729），壬子为雍正十年（1732）；“迩来六十一年”亦较接近1732至1792。“撞布”“离徭”“雕戈”“荒度”等从当前辨读，待二校。
work-fuqing-jiazi-wuhouci-jiaxiu,甲子新正谒武侯祠,,七言律诗,清,嘉庆,甲子新正（嘉庆九年，1804）,1804,1804,inferred,,,strict_jiaxiu,confirmed,福庆（字兰泉）,福庆［author，confirmed］,"翠柏森森傍碧流，潔誠新嵗謁賢侯。
如膏春雨田園潤，似古民風氣象侔。
幾處絃歌聲入耳，通衢𠪨舍景迎眸。
太平更遇豐年樂，士女羣登甲秀樓。",繁体原文（据数字文字层）,primary-digital-transcription-unverified-facsimile,complete,,贵阳武侯祠及甲秀楼一带；末句明确写甲秀楼,,《兰泉诗稿》卷二十一、卷二十二《黔阳集》，卷二十一《黔阳集上》、卷二十二《黔阳集下》，卷二十一，识典页506题名、页507正文［base-text，底本］；《兰泉诗稿》（中国哲学书电子化计划书目与OCR），书目res=183255；馆藏资源res=96069、file=148270［parallel-digital-witness］,https://www.shidianguji.com/book/HY5275/chapter/1ly0hinxo98o6；https://ctext.org/wiki.pl?if=gb&remap=gb&res=183255,0,,题后另记“甲子正月廿二日，入觐起程”。“甲秀”下原注“楼名”。甲子据福庆贵州巡抚任期换算为1804年。𠪨为数字文字层所呈罕见字，待原稿影像复核。
work-fuqing-yichou-xinchun-jiaxiu,乙丑新春试笔咏甲秀楼,,七言律诗,清,嘉庆,乙丑新春（嘉庆十年，1805）,1805,1805,inferred,,,strict_jiaxiu,confirmed,福庆（字兰泉）,福庆［author，confirmed］,"攬勝人登甲秀樓，一灣春水漾芳洲。
雙橋影動漁舟蕩，百雉煙籠市井稠。
面面𤨔山光四照，層層列樹壯千秋。
豐亨獻歳民苖樂，蕭寺焚香士女遊。",繁体原文（据数字文字层）,primary-digital-transcription-unverified-facsimile,complete,,贵阳甲秀楼、双桥、城郭与寺院,,《兰泉诗稿》卷二十一、卷二十二《黔阳集》，卷二十一《黔阳集上》、卷二十二《黔阳集下》，卷二十二《黔阳集下》，识典页525［base-text，底本］；《兰泉诗稿》（中国哲学书电子化计划书目与OCR），书目res=183255；馆藏资源res=96069、file=148270［parallel-digital-witness］,https://www.shidianguji.com/book/HY5275/chapter/1ly0hinxo98o6；https://ctext.org/wiki.pl?if=gb&remap=gb&res=183255,0,,乙丑据福庆贵州巡抚任期及诗集编年换算为1805年。第三句首数字文字层作“面面𤨔山光四照”，𤨔字暂不臆改，待原稿影像复核。
work-fuqing-deng-jiaxiu-zaifu,登甲秀楼再赋,,七言律诗,清,嘉庆,乙丑新春上元前后（嘉庆十年，1805）,1805,1805,inferred,,,strict_jiaxiu,confirmed,福庆（字兰泉）,福庆［author，confirmed］,"樓上憑窓景色分，氤氲逺岫起春雲。
鰲磯獨峙縈𭰁水，鐵柱雙標前後勲。
老我白鬚思往訓，引人紅杏趁斜曛。
岸低垂栁眉初展，静聽能言鳥喚羣。",繁体原文（据数字文字层）,primary-digital-transcription-unverified-facsimile,complete,,贵阳甲秀楼、鳌矶及鄂尔泰与勒保纪功铁柱,,《兰泉诗稿》卷二十一、卷二十二《黔阳集》，卷二十一《黔阳集上》、卷二十二《黔阳集下》，卷二十二《黔阳集下》，识典页526题名、页527正文［base-text，底本］；《兰泉诗稿》（中国哲学书电子化计划书目与OCR），书目res=183255；馆藏资源res=96069、file=148270［parallel-digital-witness］,https://www.shidianguji.com/book/HY5275/chapter/1ly0hinxo98o6；https://ctext.org/wiki.pl?if=gb&remap=gb&res=183255,0,,篇次位于乙丑新春《上元灯词》之后，故定1805年上元前后。第四句下原注“楼前有鄂公勒侯平苗纪功二柱”。𭰁为数字文字层所呈罕见字，待原稿影像复核。
work-fuqing-ci-yuting-jiaxiu-yun,次玉亭制府登甲秀楼韵,,五言律诗,清,嘉庆,丙寅重阳后（嘉庆十一年，1806）,1806,1806,inferred,,,strict_jiaxiu,confirmed,福庆（字兰泉）,福庆［author，confirmed］,"登樓同眺望，禾稼已全收。
日色明初霽，松濤響亦幽。
扶風籠翠靄，涵碧漾清流。
甲秀興文運，題名閲幾秋。",繁体原文（据数字文字层）,primary-digital-transcription-unverified-facsimile,complete,,贵阳甲秀楼，兼及扶风山、涵碧潭,,《兰泉诗稿》卷二十一、卷二十二《黔阳集》，卷二十一《黔阳集上》、卷二十二《黔阳集下》，卷二十二《黔阳集下》，识典页548［base-text，底本］；《兰泉诗稿》（中国哲学书电子化计划书目与OCR），书目res=183255；馆藏资源res=96069、file=148270［parallel-digital-witness］,https://www.shidianguji.com/book/HY5275/chapter/1ly0hinxo98o6；https://ctext.org/wiki.pl?if=gb&remap=gb&res=183255,0,,“玉亭制府”即云贵总督伯麟。该诗紧接丙寅重阳唱和，后文始见丁卯初春，故定嘉庆十一年（1806）。“扶风”原注“山名”，“涵碧”原注“潭名”。
work-jiaxiu-inscription-12-qiao-yongqian,步鄂文端登甲秀楼元韵,,七言绝句四首,清,道光,道光中,1821,1850,approximate,,,strict_jiaxiu,confirmed,乔用迁,乔用迁［author，confirmed］,"满城雨霁草毵毵，豫订登临早式骖。绝顶攀跻凭远眺，云霓慰望在平南。
方命编□□命丝，铭功铁柱纪清时。至今祀事春秋肃，丞相□□□丞相祠。
石岩亘古碧毵毵，爱此甘棠屡驾骖。名作如林聊学步，窃惭□□□黔南。
柳飏鳌矶拂翠丝，筵开叠彩快因时。菊觞兼为骊歌泛，旌旆遥辉华岳祠。",简体（底本繁体转写）,facsimile-checked-source-gaps,fragment,十二,甲秀楼石刻,,《贵州通志》卷一百五十二《金石志四》，卷一百五十二，影印PDF图像约第486页；印刷页87［base-text，底本］,https://upload.wikimedia.org/wikipedia/commons/9/9a/NLC403-311998003695-160096_%E8%B2%B4%E5%B7%9E%E9%80%9A%E5%BF%97_%E6%B0%91%E5%9C%8B37%E5%B9%B4%281948%29_%E5%8D%B7%E4%B8%80%E7%99%BE%E4%BA%94%E5%8D%81%E4%BA%8C.pdf,2,facsimiles/qing_stones/gztz_v152_scan-029_print-087.png；facsimiles/qing_stones/gztz_v152_scan-029_print-087_master.jp2,高分辨率复核确认，□是1948年排印底本本身印出的空方框，并非本次OCR丢字；必须原样保留，不据律诗语义臆补。
work-jiaxiu-inscription-13-weng-tongshu,步鄂文端登甲秀楼原韵,,七言绝句四首,清,道光,道光中,1821,1850,approximate,,,strict_jiaxiu,confirmed,翁同书,翁同书［author，confirmed］,"江亭秀发柳毵毵，京国登楼忆驻骖。万里依然天尺五，也陪旌节到城南。
春烟织树飏轻丝，闻说平蛮奏凯时。愿得销兵如此柱，西风战鼓伏波祠。
诸凫汀雁羽毵毵，毕兴双桥一系骖。却笑唐蒙太多事，饱尝蒟酱说西南。
客怀已感鬓添丝，况是山城暮雨时。莫道夜郎关塞远，滇池更有碧鸡祠。",简体（底本繁体转写）,facsimile-checked,complete,十三,甲秀楼石刻,,《贵州通志》卷一百五十二《金石志四》，卷一百五十二，影印PDF图像约第487页；印刷页87［base-text，底本］,https://upload.wikimedia.org/wikipedia/commons/9/9a/NLC403-311998003695-160096_%E8%B2%B4%E5%B7%9E%E9%80%9A%E5%BF%97_%E6%B0%91%E5%9C%8B37%E5%B9%B4%281948%29_%E5%8D%B7%E4%B8%80%E7%99%BE%E4%BA%94%E5%8D%81%E4%BA%8C.pdf,2,facsimiles/qing_stones/gztz_v152_scan-029_print-087.png；facsimiles/qing_stones/gztz_v152_scan-029_print-087_master.jp2,对印刷页87高分辨率放大复核，底本确印“诸凫汀雁”“毕兴”；虽语义略滞，仍从底本。
work-jiaxiu-inscription-14-wu-shifen,步鄂文端登甲秀楼原韵,,七言绝句四首,清,道光,道光中,1821,1850,approximate,,,strict_jiaxiu,confirmed,吴式芬,吴式芬［author，confirmed］,"双桥弱柳尚毵毵，豫借登高一驻骖。潭水碧青烟树绿，垂虹秋色俨江南。
满城凉雨散轻丝，正是重阳已近时。安得胜游添胜况，也如风送马当祠。
宦游未倦鬓毛毵，敢向词场学靳骖。雅咏齐赓珠玉满，一时宾主美江南。
万峰青里飏鞭丝，此去关山欲电时。两载游踪应记取，且兰城畔竹王祠。",简体（底本繁体转写）,facsimile-checked,complete,十四,甲秀楼石刻,,《贵州通志》卷一百五十二《金石志四》，卷一百五十二，影印PDF图像约第487页；印刷页87［base-text，底本］,https://upload.wikimedia.org/wikipedia/commons/9/9a/NLC403-311998003695-160096_%E8%B2%B4%E5%B7%9E%E9%80%9A%E5%BF%97_%E6%B0%91%E5%9C%8B37%E5%B9%B4%281948%29_%E5%8D%B7%E4%B8%80%E7%99%BE%E4%BA%94%E5%8D%81%E4%BA%8C.pdf,2,facsimiles/qing_stones/gztz_v152_scan-029_print-087.png；facsimiles/qing_stones/gztz_v152_scan-029_print-087_master.jp2,末句底本辨作“且兰城畔竹王祠”；且兰、竹王均为贵州古地人文典故。
work-jiaxiu-inscription-15-huang-zhaizhong,步鄂文端登甲秀楼原韵,,七言绝句四首,清,咸丰,咸丰中,1851,1861,approximate,,,strict_jiaxiu,confirmed,黄宅中,黄宅中［author，confirmed］,"画楼东畔柳毵毵，为访诗碑偶驻骖。恰好菊天风雨后，碧幢红幰到城南。
争传妙句写乌丝，不数龙山选胜时。珍重柱头铭不朽，过桥瞻仰鄂公祠。
祠前树映草毵毵，将士从公似靳骖。闻说襄勤文武略，风流不让杜征南。
保障边坼重纶丝，铁铭常镇太平时。重阳正纪咸丰岁，酒盏糕盘谒旧祠。",简体（底本繁体转写）,facsimile-checked-with-doubtful-glyph,complete,十五,甲秀楼石刻,,《贵州通志》卷一百五十二《金石志四》，卷一百五十二，影印PDF图像约第487—488页；印刷页87—88［base-text，底本］,https://upload.wikimedia.org/wikipedia/commons/9/9a/NLC403-311998003695-160096_%E8%B2%B4%E5%B7%9E%E9%80%9A%E5%BF%97_%E6%B0%91%E5%9C%8B37%E5%B9%B4%281948%29_%E5%8D%B7%E4%B8%80%E7%99%BE%E4%BA%94%E5%8D%81%E4%BA%8C.pdf,2,facsimiles/qing_stones/gztz_v152_scan-030_print-088.png；facsimiles/qing_stones/gztz_v152_scan-030_print-088_master.jp2,第四首首句“边坼”当前辨形存疑，可能为“边圻”等字；全文未以□截断，但该字应保留待校状态。
work-jiaxiu-inscription-16-he-guanying,步鄂文端登甲秀楼原韵,,七言绝句二首,清,咸丰,咸丰中,1851,1861,approximate,,,strict_jiaxiu,confirmed,何冠英,何冠英［author，confirmed］,"山光照柳碧毵毵，闲挈萸觞此驻骖。一带桥阴楼傍水，天然秀气甲黔南。
来从山国治棼丝，想见功成啸咏时。诸葛大名公继起，天开蛮服有双祠。",简体（底本繁体转写）,facsimile-checked,complete,十六,甲秀楼石刻,,《贵州通志》卷一百五十二《金石志四》，卷一百五十二，影印PDF图像约第488页；印刷页88［base-text，底本］,https://upload.wikimedia.org/wikipedia/commons/9/9a/NLC403-311998003695-160096_%E8%B2%B4%E5%B7%9E%E9%80%9A%E5%BF%97_%E6%B0%91%E5%9C%8B37%E5%B9%B4%281948%29_%E5%8D%B7%E4%B8%80%E7%99%BE%E4%BA%94%E5%8D%81%E4%BA%8C.pdf,2,facsimiles/qing_stones/gztz_v152_scan-030_print-088.png；facsimiles/qing_stones/gztz_v152_scan-030_print-088_master.jp2,“治棼丝”从底本，用《左传》“治丝而棼之”典。
work-jiaxiu-inscription-17-kong-qinghu,步鄂文端登甲秀楼原韵,,七言绝句二首,清,咸丰,咸丰中,1851,1861,approximate,,,strict_jiaxiu,confirmed,孔庆瑚,孔庆瑚［author，confirmed］,"楼头山翠叠毵毵，风雨重阳此驻骖。临水登高无限意，双桥秋色满西南。
铁柱留名拟绣丝，生苗同庆太平时。菊花香注樽中酒，遥酹西风使相祠。",简体（底本繁体转写）,facsimile-checked,complete,十七,甲秀楼石刻,,《贵州通志》卷一百五十二《金石志四》，卷一百五十二，影印PDF图像约第488—489页；印刷页88—89［base-text，底本］,https://upload.wikimedia.org/wikipedia/commons/9/9a/NLC403-311998003695-160096_%E8%B2%B4%E5%B7%9E%E9%80%9A%E5%BF%97_%E6%B0%91%E5%9C%8B37%E5%B9%B4%281948%29_%E5%8D%B7%E4%B8%80%E7%99%BE%E4%BA%94%E5%8D%81%E4%BA%8C.pdf,4,facsimiles/qing_stones/gztz_v152_scan-030_print-088.png；facsimiles/qing_stones/gztz_v152_scan-030_print-088_master.jp2；facsimiles/qing_stones/gztz_v152_scan-031_print-089.png；facsimiles/qing_stones/gztz_v152_scan-031_print-089_master.jp2,“拟绣丝”从当前影印辨读；“使相祠”指鄂公祠。
work-wang-bingao-cuiweige-couplet,翠微阁联,来凤阁长联（现代资料称）,楹联,清,咸丰前后,清代，确年待考,1851,1861,approximate,,,adjacent_complex,attributed,汪炳璈（字仙谱）,汪炳璈［author，attributed］,"半面山楼，半面江楼，书画舫，容我掀髯大笑，邀几个赤松、黄石、白猿来一评今古；
数声樵声，数声渔笛，翠微天，尽他拍手高歌，听不真绿水、明月、清风引万象空濛。",简体整理,modern-secondary,complete,,题翠微阁，属今日甲秀楼建筑群相邻建筑，并非严格甲秀楼题咏。,,诗不可说丨甲秀风雨四百载，有凤来仪景象新，汪炳璈长联段［modern-transcription］,https://www.gzstv.com/a/6a915a3b02fe404da65de01b59b9ce22,0,,现代来源对‘来凤阁/翠微阁’称谓与个别字有分歧，按当前贵州广电文本收录。
work-lv-xieshu-guiyang-zashi-jiaxiu,贵阳杂诗（甲秀楼高铁柱坚）,《贵阳杂诗》甲秀楼一首,七言绝句,清,同治,约同治八年（1869）征黔以后,1869,1875,approximate-range,,,strict_jiaxiu,confirmed,吕燮枢（字笥芸）,吕燮枢［author，confirmed］,"甲秀樓高鐵柱堅，南明河水自年年。
武侯祠裏多名宦，名與文端一樣傳。",繁体原文（据数字文字层）,primary-digital-transcription-unverified-facsimile,complete,,贵阳甲秀楼、南明河、武侯祠及鄂文端公铁柱,,《及见诗续钞》卷五，卷五，卷五《贵阳杂诗》，识典页717，第1126—1127行［base-text，底本］,https://www.shidianguji.com/zh/book/CADAL11200536/chapter/1l39jee5bsg7u,0,,原书仅总题《贵阳杂诗》，未标单首序号，数据库以首句补识别题。作品位于吕燮枢诗作区；同卷小传称其同治八年有征黔之行，故暂定1869—1875的同治后期范围。识典文字层页717第1126—1127行可完整拼合四句。
work-li-jiaji-jiaxiu-tiezhu-01,登甲秀楼观鄂公勒公先后纪功铁柱谒鄂文端祠用文端石刻诗均二首·其一,,七言绝句,清,同治,甲戌（同治十三年，1874）,1874,1874,inferred,,,strict_jiaxiu,confirmed,李嘉绩（字云生；凝叔）,李嘉绩［author，confirmed］,"四圍𠌶雨落毿毿，山色空濛送客驂。
蒼莽馮闌無限意，重看烽火息天南。",繁体原文（据数字文字层）,primary-digital-transcription-unverified-facsimile,complete,,贵阳甲秀楼、鄂尔泰与勒保纪功铁柱、鄂文端祠,,《代耕堂全集·江上草堂前稿》卷三《黔游草》，《江上草堂前稿》卷三，《江上草堂前稿》卷三《黔游草》，识典页135［base-text，底本］；《代耕堂全集·黔游草》（中国哲学书电子化计划OCR），chapter=1842393［parallel-digital-witness］,https://www.shidianguji.com/zh/book/CADAL01032216/chapter/1l4c9p8w352q4；https://ctext.org/wiki.pl?chapter=1842393&if=gb&remap=gb,0,,组题数字文字层末作“用文端石刻詩均二𩠐”；𩠐据语义整理为“首”，其余保留。“𠌶雨”中的罕见字待原印本影像复核，不据网络索引的自动归一结果臆改。年代据《黔游草》篇首甲戌换算。
work-li-jiaji-jiaxiu-tiezhu-02,登甲秀楼观鄂公勒公先后纪功铁柱谒鄂文端祠用文端石刻诗均二首·其二,,七言绝句,清,同治,甲戌（同治十三年，1874）,1874,1874,inferred,,,strict_jiaxiu,confirmed,李嘉绩（字云生；凝叔）,李嘉绩［author，confirmed］,"元勳憂國鬢成絲，鐵柱銘功盛一時。
千界秋風來不易，嗁鳩聲裏拜專祠。",繁体原文（据数字文字层）,primary-digital-transcription-unverified-facsimile,complete,,贵阳甲秀楼、鄂尔泰与勒保纪功铁柱、鄂文端祠,,《代耕堂全集·江上草堂前稿》卷三《黔游草》，《江上草堂前稿》卷三，《江上草堂前稿》卷三《黔游草》，识典页135［base-text，底本］；《代耕堂全集·黔游草》（中国哲学书电子化计划OCR），chapter=1842393［parallel-digital-witness］,https://www.shidianguji.com/zh/book/CADAL01032216/chapter/1l4c9p8w352q4；https://ctext.org/wiki.pl?chapter=1842393&if=gb&remap=gb,0,,数字文字层第三句作“千界秋風來不易”，句末标点疑误，本文按绝句句式整理标点而不改字；“嗁”保留底层异体。年代据《黔游草》篇首甲戌换算。
work-li-jiaji-wu-meisheng-02,贵阳昭吴眉生观察德溥感怀奉简二首·其二,,七言律诗,清,同治,甲戌（同治十三年，1874）,1874,1874,inferred,,,strict_jiaxiu,confirmed,李嘉绩（字云生；凝叔）,李嘉绩［author，confirmed］,"輕刀快馬古黔州，回𩠐關河繫母憂。
萬里萍蓬剛寄迹，一天風雨又横秋。
側聞疏稾傳天上，早見降旛出石頭。
欲驗澄清開望眼，快登甲秀最高樓。",繁体原文（据数字文字层）,primary-digital-transcription-unverified-facsimile,complete,,贵阳；末句明言甲秀楼,,《代耕堂全集·江上草堂前稿》卷三《黔游草》，《江上草堂前稿》卷三，《江上草堂前稿》卷三《黔游草》，识典页133题名、页134其二［base-text，底本］；《代耕堂全集·黔游草》（中国哲学书电子化计划OCR），chapter=1842393［parallel-digital-witness］,https://www.shidianguji.com/zh/book/CADAL01032216/chapter/1l4c9p8w352q4；https://ctext.org/wiki.pl?chapter=1842393&if=gb&remap=gb,0,,组诗题数字文字层作“貴陽昭吳睂生觀察（小注：德溥）感懷奉簡二𩠐”。其中“睂”为“眉”异体，“𩠐”据语义为“首”；“昭”是否为OCR疑字尚待原图复核，题名暂保其字。正文第二句“回𩠐”亦按文字层保留。年代据《黔游草》篇首甲戌换算。
work-xiang-yi-jiaxiu-couplet-1923,甲秀楼长联（删订本）,《六碑龛贵山联语》甲秀楼联,楹联,民国,民国十二年,民国十二年（1923）刊,1923,1923,certain-for-publication,民国十二年（1923）,1923,strict_jiaxiu,confirmed,向义；刘蕴良（字玉山）,向义［reviser，confirmed］；刘蕴良［original-author，confirmed］,"五百年稳占鳌矶，独撑天字。让我一层更上，眼界拓开。看东枕衡湘，西襟滇沼，南屏粤峤，北带巴夔，迢递关河。喜雄跨两游，支持岩疆半壁。恰好马撒碉隳，乌蒙箐扫，艰难缔造，装点成锦绣湖山。漫云筑国偏荒，莫与神州争胜概；
数千仞高凌牛渡，永镇边隅。问谁双柱重镌，颓波挽住。想秦通僰道，汉置牂牁，唐靖笡兰，宋封罗甸，凄迷风雨。叹名流几辈，留得旧迹千秋。对此云送螺峰，霞餐象岭，缓步登临，领略些画图烟景。恍觉蓬莱咫尺，拟邀仙侣话行踪。",简体,modern-transcription-not-yet-checked-against-1923-edition,complete,,甲秀楼长联；据刘蕴良206字联删订为174字版本,首行为上联，次行为下联。,六碑龛贵山联语，甲秀楼联；具体页码待核［first-publication，底本］；向义与《六碑龛贵山联语》，正文所录174字全文［base-text］,https://www.gz.chinanews.com.cn/yjzy/2025-12-29/doc-iheyfaae0556650.shtml；https://www.gz.chinanews.com.cn/yjzy/2025-12-29/doc-iheyfaae0556650.shtml,0,,现代转录疑有“天字／滇沼／笡兰”等讹字，故全文完整但逐字可信度仅中；不得静默改字。今悬本又有李独清整理说，应另建版本链。
work-xue-shaoming-qiandianchuan-jiaxiu,黔滇川旅行记（甲秀楼相关节选）,《黔滇川旅行记》贵阳甲秀楼段,旅行记,民国,民国二十三年至二十六年间,1934年旅行；1937年初版,1934,1937,date-range,1937年中华书局初版,1937,strict_jiaxiu,confirmed,薛绍铭（号薛子中）,薛绍铭［author，confirmed］,城東南隅之甲秀樓飛閣抱翠，風光清秀。,繁体,facsimile-derived-fragment,fragment,,贵阳城东南隅甲秀楼,,黔滇川旅行记（第三版），印本第19页；PDF扫描第33页［base-text，底本］；《黔滇川旅行记》国立中央图书馆电子书元数据，馆藏书目页［bibliographic-evidence］；《黔滇川旅行记》研究资料页，论文元数据及摘要页［first-edition-evidence］；薛子中《黔滇川旅行记》出版说明，出版说明［biographical-evidence］,https://upload.wikimedia.org/wikipedia/commons/c/ce/NCL-003150441_%E9%BB%94%E6%BB%87%E5%B7%9D%E6%97%85%E8%A1%8C%E8%A8%98.pdf；https://taiwanebook.ncl.edu.tw/%2A/book/NCL-003150441；https://bdzk.cbpt.cnki.net/portal/journal/portal/client/paper/46c298065f4a3c6ff5e1eb18469df262；https://liaode.com.tw/product_109_7_1_0_0_21.html,1,facsimiles/republic/source-qiandianchuan-travel-1940/page-033.png,仅收甲秀楼相关句，不是全书全文。应分别保存1934旅行时间、1937初版时间和1940第三版见证时间。已在1940年第三版影印本的印本第19页、PDF扫描第33页核定原文。
work-lu-qian-jiaxiu-chongyang-1941,九日登甲秀楼同仲虞作,,五言律诗,民国,民国三十年（辛巳）,辛巳九日（民国三十年重阳，1941）,1941,1941,certain,至迟1947年《冀野选集》刊载,1947,strict_jiaxiu,confirmed,卢前（字冀野）,卢前［author，confirmed］,"何地逢重九，人間甲秀樓。
三山分鬢色，一水寫心憂。
還鐵銷鋒鏑，揮戈尚寇讎。
明年同北上，談笑記南州。",繁体,facsimile-checked,complete,,重阳日与仲虞同登甲秀楼,原书竖排连续排印，依五律格式分为四联。,冀野选集，印本第76页；PDF扫描第82页［base-text，底本］,https://upload.wikimedia.org/wikipedia/commons/d/da/SSID-11379308_%E5%86%80%E9%87%8E%E9%81%B8%E9%9B%86.pdf,1,facsimiles/republic/source-jiye-xuanji-1947/page-082.png,同一诗组前有《三十年元旦试笔 辛巳》，后有《三十年除夕偶成》，因此1941年断代可靠。第三联首字据影印辨作“還”，语义较生；须保留原字并待异本校核，不臆改为“鎔／炼”。
work-hong-liangji-jiuri-jiaxiu,九日偕富尚书纲、冯侍郎光熊重至甲秀楼登高,,七言律诗,清,,清代，确年待考,,,unknown,,,strict_jiaxiu,confirmed,洪亮吉（字稚存）,洪亮吉［author，confirmed］,"菊已衰黄柳尚青，更寻芳杜出前汀。
殊方再值重阳日，候馆欣联五使星。
诸葛庙旁开石舫，伏波滩畔访金铭。
惟公志业差无愧，十五年来边徼宁。",简体整理,digital-edition-transcription,complete,,重阳登甲秀楼，题名直接。,,《九日偕富尚书纲、冯侍郎光熊重至甲秀楼登高》（识典古籍），诗题全文［base-text，底本］,https://www.shidianguji.com/book/SBCK287/chapter/SBCK287_861,0,,
work-shu-wei-deng-jiaxiu-wen-luoye,登甲秀楼闻落叶,,五言律诗,清,,清代，确年待考,,,unknown,,,strict_jiaxiu,confirmed,舒位（字立人）,舒位［author，confirmed］,"秋老四山空，高楼落木丛。
鸟飞天过半，风起树当中。
人外炊烟白，年来战血红。
尚留王粲在，瑟瑟赋飘蓬。",简体整理,digital-edition-transcription,complete,,题名直接指甲秀楼。,,《瓶水斋诗集》卷七，卷七，卷七，网页第76行附近［base-text，底本］,https://www.shidianguji.com/book/CADAL01060667/chapter/1l1uj5g7bjg9z,0,,
work-mao-zhenxuan-guiyang-deng-jiaxiu,贵阳登甲秀楼,,七言律诗,清,,清代，确年待考,,,unknown,,,strict_jiaxiu,confirmed,毛振翧,毛振翧［author，confirmed］,"高标直插五云头，影落波心势欲流。
远嶂千层扶下界，长河两道锁中洲。
朗吟已自惊风雨，伸臂还堪摘斗牛。
耸秀更推何处胜，峥嵘合拟冠群楼。",简体整理,digital-edition-transcription,complete,,题名直接指甲秀楼。,,《贵阳登甲秀楼》（识典古籍），《贵阳登甲秀楼》条［base-text，底本］,https://www.shidianguji.com/book/HY0032/chapter/1lqoywj04ks92,0,,识典页面紧接另诗，本库只收题名下明确属于本作的前八句。
work-bei-qingqiao-chongdeng-jiaxiu,重登甲秀楼,,五言律诗,清,,清代，确年待考,,,unknown,,,strict_jiaxiu,confirmed,贝青乔,贝青乔［author，confirmed］,"凉翠扑檐阴，凭栏夙怅深。
讨春如约到，留句隔年寻。
日气蒸芳甸，云心恋故林。
霁虹桥下水，依旧助清吟。",简体整理,digital-edition-transcription,complete,,题名直接指甲秀楼。,,《重登甲秀楼》（识典古籍），《重登甲秀楼》条［base-text，底本］,https://www.shidianguji.com/mid-page/7557107393001373706,0,,
work-liu-yunliang-jiaxiu-couplet-206,甲秀楼楹联,甲秀楼长联；甲秀楼206字长联,楹联,清末民初（民国初刊）,民国,作年未详；民国四年一月二十四日首次公开刊载,,1915,first-publication-certain-composition-uncertain,民国四年一月二十四日（1915-01-24）,1915,strict_jiaxiu,confirmed,刘蕴良（字玉山）,刘蕴良［author，confirmed］,"五百年稳占鳌矶，独撑天宇。让我一层更上，茫茫眼界拓开。看东枕衡湘，西襟滇诏，南屏粵峤，北带巴夔，迢递关河。喜雄跨两游，支持起中原半壁。却好把乌蒙箐扫，马撒碉隳，鸡讲营编，龙番险扼。劳劳缔造，装构成笙歌闾里，锦绣山川。漫云筑壤偏荒，艰与神州爭胜概。
数十仞高凌半渡，永镇边隅。问谁双柱重镌，滚滚惊涛挽住。忆秦通僰道，汉置牂牁，唐靖且兰，宗封罗甸。凄迷风雨，叹名淹几辈，消磨了旧迹千秋。到不如月唤狮冈，霞餐象岭，岚披凤峪，雾袭螺峰。款款登临，领略这金碧亭台，画图烟景。恍觉蓬洲咫尺，频呼仙侣话行踪。",繁简混排（来源转录）,official-secondary-checked-against-embedded-facsimile,complete,,甲秀楼长联,首行为上联，次行为下联。,《贵州公报》1915年1月24日甲秀楼楹联刊载页，1915-01-24刊载页；原报影像嵌于网页［first-publication，底本］；品甲秀楼长联，览贵州三千年沧桑，正文“我真氏刘蕴良”初刊本全文段［base-text］,https://www.gzrd.gov.cn/gzwh/202202/t20220221_77672696.html；https://www.gzrd.gov.cn/gzwh/202202/t20220221_77672696.html,1,facsimiles/republic/source-guizhou-gongbao-1915-jiaxiu/guizhou-gongbao-1915-01-24-jiaxiu.jpg,作者为清代进士，但现有可靠证据只能确认1915年首次公开刊载；不得在无稿本证据时仅凭作者生平判定清代作。后世174字本及1936抄稿另建版本见证。
work-chen-shi-du-leinashi-jiaxiu-fenghe,读纍衲使君九日登甲秀楼诗有“两京应忆题糕客，万里难销叱驭心”之句赋此奉和,,七言律诗,民国,民国二十五年以前,作年未详；民国二十五年（1936）刊,,1936,publication-certain-composition-uncertain,,,strict_jiaxiu,confirmed,陈诗（字子言）,陈诗［author，confirmed］,"甲秀層樓冠貴陽，故人秋晚在殊方。
嘉禾被隴符魚夢，炎徼傳書泛菊觴。
多難長才能固圉，少陵廣廈每分糧。
前遊倚說菱湖權，此日哦詩有慨慷。",繁体原文,facsimile-checked,complete,,奉和纍衲使君重阳登甲秀楼诗,原书竖排连续排印，依七律格式分为四联。,《凤台山馆续集》（封面题《凤台山馆诗集续钞》），卷下《燕居集》，馆藏图像pg00159；卷下《燕居集》书叶四十一［base-text，底本］；《凤台山馆诗集续钞二卷》全书扫描PDF，二卷，PDF扫描第79页左叶［parallel-facsimile］,https://lbezone.hkust.edu.hk/bib/b1131020；https://upload.wikimedia.org/wikipedia/commons/e/ef/WZLib-DB-213992_%E9%B3%B3%E8%87%BA%E5%B1%B1%E9%A4%A8%E8%A9%A9%E7%BA%8C%E9%88%94%E4%BA%8C%E5%8D%B7.pdf,1,facsimiles/republic/source-fengtai-shiguan-hkust-1936/pg00159.jpg,题名及全文已据香港科技大学馆藏高清原页pg00159逐字核校；低清PDF搜索层把“殊、隴、徼、圉、糧、慷”等字多有误识，本记录以书影为准。第七句“菱湖權”语义较生，仍按清晰原字保留，不臆改。原书此页未见年款，故只以1936年刊本确定年代上限。
work-gu-jungu-guiyang-zaxie-jiaxiu-1939,贵阳杂写（甲秀楼相关节选）,《贵阳杂写》甲秀楼、观音寺、翠微阁段,旅行散文,民国,民国二十八年,1939年刊；行旅及写作确日未详,,1939,publication-certain-composition-uncertain,1939年《旅行杂志》第13卷第3号,1939,strict_jiaxiu,confirmed,顾君谷,顾君谷［author，confirmed］,從岸上到甲秀樓，有堤岸可通，各爲浮玉橋，橋下有涵碧潭，深不可測，樓旁有觀音寺，再進有翠微閣，去夏四海酒家在此設立餐館，發賣粵菜粵點，生意極盛。,繁体（原刊转录）,primary-facsimile-transcription,fragment,,由甲秀楼写及楼旁观音寺、翠微阁与四海酒家,,《旅行杂志》第十三卷第三号，第13卷第3号，《贵阳杂写》扫描页13—20；甲秀楼段在扫描页19［base-text，底本］；贵在地道：民国贵阳的粤菜馆，A11版，“四海酒家：最早问世于贵阳的粤菜馆”段第1段［base-text］；顾君榖《贵阳杂写》书目信息，顾君榖《贵阳杂写》书目项［attribution-evidence］；战时文化名人的“贵阳印记”，贵阳城市面貌部分［attribution-evidence］,https://iiif-json.modernhistory.org.cn/9999_qk_19815/9999_qk_19815_0221/9999_qk_19815_0221.json；https://ep.ycwb.com/epaper/ycwb/h5/html5/2021-04/01/content_11_372677.htm；https://www.96192.com/product/detail/748316；https://www.sohu.com/a/955020052_121124716,8,facsimiles/republic/source-travel-magazine-1939-03/page-0013.jpg；facsimiles/republic/source-travel-magazine-1939-03/page-0014.jpg；facsimiles/republic/source-travel-magazine-1939-03/page-0015.jpg；facsimiles/republic/source-travel-magazine-1939-03/page-0016.jpg；facsimiles/republic/source-travel-magazine-1939-03/page-0017.jpg；facsimiles/republic/source-travel-magazine-1939-03/page-0018.jpg；facsimiles/republic/source-travel-magazine-1939-03/page-0019.jpg；facsimiles/republic/source-travel-magazine-1939-03/page-0020.jpg,已取得1939年《旅行杂志》原刊全文影像并据扫描页19校订甲秀楼相关段；数据库正文只录与甲秀楼直接相关的文字。原刊署顾君谷，可纠正2021年《羊城晚报》误署赵君豪的问题。
